Datum	A	F	N	PJ	S	V
2017-11-09		Exekutive|Verwaltungsorganisation	Steuerwesen|Politische Partei|Verfassung|Informatik|Information und Informationsverarbeitung	Bürgerliches Recht|Familie|Sozialpolitik	Betreuung von Pflegebedürftigen|Krankenpflege|Beschäftigung und Arbeitsbedingungen|Gesetzgebungsverfahren|Arbeitsrecht|Bürgerliches Recht|Gesetzgebungsverfahren|Steuerwesen|Land- und Forstwirtschaft, Fischerei|Umwelt|Bürgerliches Recht|Gesetzgebungsverfahren|Personenstand|Betreuung von Pflegebedürftigen|Gesetzgebungsverfahren|Krankenpflege|Energie|Gesetzgebungsverfahren|Verfassung|Beschäftigung und Arbeitsbedingungen|Gesetzgebungsverfahren|Bürgerliches Recht|Familienleistungsausgleich|Gesetzgebungsverfahren|Gesetzgebungsverfahren|Wohnungspolitik	Exekutive|Verwaltungsorganisation
2017-12-13		öffentliche Verwaltung|öffentlicher Dienst|Forschung und geistiges Eigentum|Land- und Forstwirtschaft, Fischerei|Umwelt|Wissenschaften|direkt gewählte Kammer|Einkommen|Verfassung|Verwaltung und Entlohnung des Personals|Haushaltsplan	Bürgerliches Recht|Gesetzgebungsverfahren|Personenstand|direkt gewählte Kammer|Einkommen|Verfassung|Verwaltung und Entlohnung des Personals|junger Mensch|Menschenrechte|Verfassung|Gesetzgebungsverfahren|Steuerwesen|Presse|Elektrizitätsindustrie|Steuerwesen|Umwelt|Steuerwesen|Steuerwesen|Gesetzgebungsverfahren|Politische Partei|Verfassung		Hochschulausbildung|öffentliche Verwaltung|öffentlicher Dienst|direkt gewählte Kammer|Einkommen|Verfassung|Verwaltung und Entlohnung des Personals|Gesetzgebungsverfahren|Land- und Forstwirtschaft, Fischerei|Arbeitsrecht	öffentliche Verwaltung|öffentlicher Dienst|Forschung und geistiges Eigentum|Land- und Forstwirtschaft, Fischerei|Umwelt|Wissenschaften|direkt gewählte Kammer|Einkommen|Verfassung|Verwaltung und Entlohnung des Personals|Haushaltsplan
2017-12-20		soziale Sicherheit|Exekutive	soziale Sicherheit|Strafrecht|junger Mensch|Elektrizitäts- und Kernkraftindustrie|Umwelt|Raumordnung|Umwelt|Umwelt|Raumordnung|Gerichtswesen|Steuerwesen|Umwelt|Elektrizitäts- und Kernkraftindustrie|Umwelt|Bürgerliches Recht|Familie|Sozialpolitik	Steuerwesen|Elektrizitäts- und Kernkraftindustrie|Umwelt|Gesundheit|Bürgerliches Recht|Bürgerliches Recht|Elektrizitäts- und Kernkraftindustrie|Umwelt|Bürgerliches Recht|Verteidigung|Bürgerliches Recht|Familie|Sozialpolitik|Handel|Industrie|partizipative Demokratie|Unternehmen und Wettbewerb|Kulturpolitik|Kunst	Tabak|Politik der Zusammenarbeit|Primarstufe|Hochschulausbildung|Arbeitsrecht|direkt gewählte Kammer|Handel|Industrie|Unternehmen und Wettbewerb|Zweite Kammer|Behinderter|Bildung|Organisation des Unterrichtswesens|Arbeitsrecht|Öffentliche Finanzen und Haushaltspolitik|Steuerwesen|Tabak|direkt gewählte Kammer|Handel|Industrie|Unternehmen und Wettbewerb|Zweite Kammer|Primarstufe|Hochschulausbildung|namentliche Abstimmung	soziale Sicherheit|Exekutive
2017-12-21					Öffentliche Finanzen und Haushaltspolitik	
2018-01-31		Haushaltsplan	soziale Sicherheit|Bürgerliches Recht|Familie|Statistik|Öffentliche Finanzen und Haushaltspolitik|Geschäftsordnung des Parlaments|Gesetzgebungsverfahren|soziale Sicherheit|Beschäftigung und Arbeitsbedingungen|Frau|Gleichbehandlung|Beschäftigung und Arbeitsbedingungen|Flüchtling|Gesundheit|Verfassung|Gliedstaat|Verfassung|Einkommen|Steuerwesen|Verwaltung und Entlohnung des Personals|Forschung und geistiges Eigentum|Hochschulausbildung|Wissenschaften|Bildung|Gesundheit|Informatik|Information und Informationsverarbeitung|Organisation des Unterrichtswesens|Gesetzgebungsverfahren|öffentliche Verwaltung|öffentlicher Dienst|Apotheke|Gesundheit|Apotheke|Bildung|Organisation des Unterrichtswesens|Politische Partei|Gesundheit|Beschäftigung und Arbeitsbedingungen|Tourismus|Luftverkehr|junger Mensch|Vereinte Nationen|Verfassung|Völkerrecht|Geschäftsordnung des Parlaments|Politische Partei|Gesetzgebungsverfahren|Statistik|Hochschulausbildung|Familie|Hochschulausbildung	Gesetzgebungsverfahren|Steuerwesen|Haushaltskontrolle|Finanzwesen|Arbeitsrecht|Verteidigung|Zivildienst|Haushaltskontrolle|Verfassung|junger Mensch|Behinderter|Betreuung von Pflegebedürftigen|Krankenpflege|Bauindustrie und öffentliches Bauwesen|Baupolitik|Kulturpolitik|Kunst|Raumordnung|Bürgerliches Recht|Handel|Industrie|Unternehmen und Wettbewerb|Behinderter|Familie|Steuerwesen|Bürgerliches Recht|Europäische Union|Steuerwesen|Bürgerliches Recht|Gesetzgebungsverfahren|Beschäftigung und Arbeitsbedingungen|Steuerwesen	Beschäftigung und Arbeitsbedingungen|Bibliothek|Museum|Gesetzgebungsverfahren|Personenstand|Zivildienst|Frau|Gleichbehandlung|Öffentliche Finanzen und Haushaltspolitik|Kulturpolitik|Kunst|Bürgerliches Recht|Gesetzgebungsverfahren|Energie|Verfassung	Haushaltsplan
2018-02-28		Gesundheit|namentliche Abstimmung|Tabak|Internationale Beziehungen	Presse|Land- und Forstwirtschaft, Fischerei|Elektrizitätsindustrie|Handel|Industrie|Unternehmen und Wettbewerb|Handel|Industrie|Unternehmen und Wettbewerb|Wirtschaft|Europäische Union|partizipative Demokratie|Tabak|Handel|Industrie|Unternehmen und Wettbewerb|Forschung und geistiges Eigentum|Wissenschaften|Energie|Gerichtswesen|Strafrecht|Land- und Forstwirtschaft, Fischerei|Familie|Steuerwesen|Steuerwesen|Zolltarifpolitik|Tourismus|Internationale Beziehungen|Fernsehen|Hörfunk|partizipative Demokratie|Tabak	Tiermedizin|Tierschutz|Bibliothek|Einkommen|Museum|Verwaltung und Entlohnung des Personals|Umwelt|Steuerwesen|Umwelt|Kulturpolitik|Kunst|soziale Sicherheit|Agrarerzeugnisse und Lebensmittel|Handel|Industrie|Unternehmen und Wettbewerb|Steuerwesen|Umwelt|Gesetzgebungsverfahren|Hochschulausbildung|Gesetzgebungsverfahren|öffentliche Verwaltung|öffentlicher Dienst|Strafrecht|Bibliothek|Kulturpolitik|Kunst|Steuerwesen|Kulturpolitik|Kunst|Steuerwesen|öffentliche Sicherheit|Steuerwesen|Internationale Beziehungen	Handel|Industrie|Unternehmen und Wettbewerb|Energie|Umwelt|Handel|Industrie|Internet|Unternehmen und Wettbewerb|Tourismus|Umwelt|Handel|Industrie|Internet|Unternehmen und Wettbewerb|Bildung|Organisation des Unterrichtswesens|Arbeitsrecht|Einkommen|Europäische Union|Verwaltung und Entlohnung des Personals|Bildung|Europäische Union|Organisation des Unterrichtswesens|Energie|Umwelt|Bürgerliches Recht|Arbeitsrecht|Land- und Forstwirtschaft, Fischerei|Menschenrechte|Religion|junger Mensch|Internationale Beziehungen|Raumordnung|Verwaltungsorganisation|Betreuung von Pflegebedürftigen|Krankenpflege|Familienleistungsausgleich|namentliche Abstimmung|Tabak|Gewerbeaufsicht	Gesundheit|namentliche Abstimmung|Tabak|Internationale Beziehungen
2018-03-01		Menschenrechte|Vereinte Nationen|Menschenrechte|Vereinte Nationen	Bildung|Organisation des Unterrichtswesens|Flüchtling|Menschenrechte|Verwaltungsrecht|Politik der Zusammenarbeit|öffentliche Sicherheit|Behinderter|Bildung|Organisation des Unterrichtswesens|Bildung|Organisation des Unterrichtswesens|Bildung|Organisation des Unterrichtswesens|Bildung|Organisation des Unterrichtswesens|Bildung|Organisation des Unterrichtswesens|Altersversorgungssystem|Bildung|Organisation des Unterrichtswesens|Bildung|öffentliche Verwaltung|öffentlicher Dienst|Organisation des Unterrichtswesens|Gesundheit|Informatik|Information und Informationsverarbeitung|Menschenrechte|Vereinte Nationen	Behinderter|Bildung|Organisation des Unterrichtswesens|Menschenrechte|Vereinte Nationen	Gewerbeaufsicht|soziale Sicherheit|Energie|Europäische Union|Menschenrechte|Vereinte Nationen	Menschenrechte|Vereinte Nationen|Menschenrechte|Vereinte Nationen
2018-03-19			Geschäftsordnung des Parlaments|Gesetzgebungsverfahren|Verfassung|Exekutive|öffentliche Sicherheit	Kulturpolitik|Kunst|Verfassung|Steuerwesen|Bibliothek|Kulturpolitik|Kunst|Museum|Exekutive|Misstrauensantrag	Europäische Union|Land- und Forstwirtschaft, Fischerei	
2018-03-21		Öffentliche Finanzen und Haushaltspolitik|Verfassung|Abfall|Abfallwirtschaft|Agrarerzeugnisse und Lebensmittel|Energie|partizipative Demokratie|Elektrizitäts- und Kernkraftindustrie|öffentliche Sicherheit	Öffentliche Finanzen und Haushaltspolitik|Parlamentsdebatte|Verfassung|Wohnungspolitik|Verfassung|Verfassungsgerichtsbarkeit|Verwaltungsgerichtsbarkeit|Gesundheit|soziale Sicherheit|Wohnungspolitik|Wohnungspolitik|Kulturpolitik|Kunst|öffentliches Eigentum|Filmindustrie|Menschenrechte|Arbeitsrecht|Haushaltskontrolle|Verfassung|Elektrizitäts- und Kernkraftindustrie|öffentliche Sicherheit	Gesetzgebungsverfahren|Sozialpolitik|Verfassung|Gesetzgebungsverfahren|Wahl|Elektrizitäts- und Kernkraftindustrie|öffentliche Sicherheit	Europäische Union|Handel|Industrie|Unternehmen und Wettbewerb|Elektrizitäts- und Kernkraftindustrie|öffentliche Sicherheit|Handel|Industrie|Tourismus|Unternehmen und Wettbewerb	Öffentliche Finanzen und Haushaltspolitik|Verfassung|Abfall|Abfallwirtschaft|Agrarerzeugnisse und Lebensmittel|Energie|partizipative Demokratie|Elektrizitäts- und Kernkraftindustrie|öffentliche Sicherheit
2018-03-22		Informatik|Information und Informationsverarbeitung|Verfassung|Informatik|Information und Informationsverarbeitung|Verfassung|ethnische Gruppe|Sport		Arbeitsrecht|Familie|Geschäftsordnung des Parlaments|Familie|Geschäftsordnung des Parlaments	Informatik|Information und Informationsverarbeitung|Verfassung|Öffentliche Finanzen und Haushaltspolitik|Informatik|Information und Informationsverarbeitung|Verfassung|Steuerwesen	Informatik|Information und Informationsverarbeitung|Verfassung|Informatik|Information und Informationsverarbeitung|Verfassung|ethnische Gruppe|Sport
2018-04-05		Informatik|Information und Informationsverarbeitung|öffentliche Sicherheit|Straßenverkehr				Informatik|Information und Informationsverarbeitung|öffentliche Sicherheit|Straßenverkehr
2018-04-17			öffentliche Verwaltung|öffentlicher Dienst	Familie|Steuerwesen	Bildung|Organisation des Unterrichtswesens|Bildung|Erwachsenenbildung|Informatik|Information und Informationsverarbeitung|Organisation des Unterrichtswesens|Politik der Zusammenarbeit|Exekutive|Öffentliche Finanzen und Haushaltspolitik	
2018-04-18			Frau|Gleichbehandlung|Öffentliche Finanzen und Haushaltspolitik|Bürgerliches Recht|Informatik|Information und Informationsverarbeitung|Bildung|Forschung und geistiges Eigentum|Organisation des Unterrichtswesens|Wissenschaften|Handel|Industrie|Straßenverkehr|Unternehmen und Wettbewerb|Presse|Gesundheit|Altersversorgungssystem|Berufsverband|Strafrecht|soziale Sicherheit|Frau|Gleichbehandlung|Öffentliche Finanzen und Haushaltspolitik	Betreuung von Pflegebedürftigen|Familie|Krankenpflege|Frau|Gleichbehandlung|Öffentliche Finanzen und Haushaltspolitik|Arbeitsrecht|Betreuung von Pflegebedürftigen|Krankenpflege|Bürgerliches Recht|Personenstand|Handel|Industrie|Land- und Forstwirtschaft, Fischerei|Unternehmen und Wettbewerb|Frau|Gleichbehandlung|Öffentliche Finanzen und Haushaltspolitik|Verteidigung|junger Mensch|Sozialpolitik	Frau|Gleichbehandlung|Öffentliche Finanzen und Haushaltspolitik|Familie|Hochschulausbildung|Familie|Öffentliche Finanzen und Haushaltspolitik|Wirtschaft|Frau|Gleichbehandlung|Öffentliche Finanzen und Haushaltspolitik|Familie|Öffentliche Finanzen und Haushaltspolitik|Familie|Öffentliche Finanzen und Haushaltspolitik	
2018-04-19		Opferhilfe|Frau|Gleichbehandlung|Bildung|Organisation des Unterrichtswesens	Opferhilfe|Bildung|Organisation des Unterrichtswesens|Forschung und geistiges Eigentum|Wissenschaften|Bildung|Forschung und geistiges Eigentum|Organisation des Unterrichtswesens|Wissenschaften	Opferhilfe|Bildung|Organisation des Unterrichtswesens|Steuerwesen|Beschäftigung und Arbeitsbedingungen|Flüchtling|junger Mensch	Beschäftigung und Arbeitsbedingungen|junger Mensch|Opferhilfe|Bildung|Organisation des Unterrichtswesens|Gesetzgebungsverfahren|soziale Sicherheit|Arbeitslosenversicherung|Arbeitsrecht|Gesetzgebungsverfahren|soziale Sicherheit|Betreuung von Pflegebedürftigen|Krankenpflege|Beschäftigung und Arbeitsbedingungen|Beschäftigung und Arbeitsbedingungen|junger Mensch|soziale Sicherheit|Altersversorgungssystem|Betreuung von Pflegebedürftigen|Krankenpflege|Arbeitsrecht|Bildung|Organisation des Unterrichtswesens|Bildung|Erwachsenenbildung|Informatik|Information und Informationsverarbeitung|Organisation des Unterrichtswesens|Beschäftigung und Arbeitsbedingungen	Opferhilfe|Frau|Gleichbehandlung|Bildung|Organisation des Unterrichtswesens
2018-04-20		Kulturpolitik|Kunst|Bildung|Organisation des Unterrichtswesens|Internet|junger Mensch|Kulturpolitik|Kunst|Forschung und geistiges Eigentum|Gesundheit|Informatik|Information und Informationsverarbeitung|Wissenschaften	Forschung und geistiges Eigentum|öffentliche Verwaltung|öffentlicher Dienst|Verkehr|Wissenschaften	Gerichtswesen|Gesetzgebungsverfahren|öffentliche Verwaltung|öffentlicher Dienst	Internationale Beziehungen|Einkommen|Verwaltung und Entlohnung des Personals|Altersversorgungssystem|Frau|Gleichbehandlung|Land- und Forstwirtschaft, Fischerei|Umwelt|Öffentliche Finanzen und Haushaltspolitik|Politik der Zusammenarbeit|Einkommen|Gesetzgebungsverfahren|Verwaltung und Entlohnung des Personals|Forschung und geistiges Eigentum|Informatik|Information und Informationsverarbeitung|Wissenschaften	Kulturpolitik|Kunst|Bildung|Organisation des Unterrichtswesens|Internet|junger Mensch|Kulturpolitik|Kunst|Forschung und geistiges Eigentum|Gesundheit|Informatik|Information und Informationsverarbeitung|Wissenschaften
2018-05-09		Strafrecht|Verwaltungsrecht				Strafrecht|Verwaltungsrecht
2018-05-16		Menschenrechte	Bildung|Organisation des Unterrichtswesens|Religion|Gesundheit|Informatik|Information und Informationsverarbeitung|Arbeitsrecht|Beschäftigung und Arbeitsbedingungen|junger Mensch|Abfall|Abfallwirtschaft|Umwelt|ausländischer Staatsangehöriger|öffentliche Sicherheit|soziale Sicherheit|Bürgerliches Recht|Haushaltskontrolle|Gerichtswesen|Haushaltskontrolle|Altersversorgungssystem|Haushaltskontrolle|öffentliche Verwaltung|öffentlicher Dienst|Altersversorgungssystem|Behinderter|Haushaltskontrolle|Gesundheit|Haushaltskontrolle|Haushaltskontrolle|Sozialpolitik	Tiermedizin|Tierschutz|Tiermedizin|Tierschutz|Forschung und geistiges Eigentum|Land- und Forstwirtschaft, Fischerei|Wissenschaften|Bürgerliches Recht|Europäische Union|Handel|Industrie|Unternehmen und Wettbewerb|Bibliothek|Museum|Familie|Steuerwesen|Altersversorgungssystem|öffentliche Verwaltung|öffentlicher Dienst|Bürgerliches Recht|Familie	Handel|Industrie|Unternehmen und Wettbewerb|Europäische Union|Sozialpolitik|Handel|Industrie|Parlamentsdebatte|Unternehmen und Wettbewerb|Wirtschaft|Verfassung|ehrende Auszeichnung|Gesetzgebungsverfahren|soziale Sicherheit|Europäische Union|partizipative Demokratie|Verfassung|Forschung und geistiges Eigentum|Land- und Forstwirtschaft, Fischerei|Wissenschaften|soziale Sicherheit|Steuerwesen|Wirtschaft|Geschäftsordnung des Parlaments|Gesetzgebungsverfahren|Geschäftsordnung des Parlaments|Gesetzgebungsverfahren|partizipative Demokratie|Geschäftsordnung des Parlaments|Gesetzgebungsverfahren|Informatik|Information und Informationsverarbeitung|Geschäftsordnung des Parlaments|Gesetzgebungsverfahren|Exekutive|Europäische Union|Verfassung	Menschenrechte
2018-05-17		Bildung|Organisation des Unterrichtswesens|Bildung|Organisation des Unterrichtswesens|Finanzwesen	Handel|Industrie|Unternehmen und Wettbewerb|Wirtschaft|Bildung|Organisation des Unterrichtswesens|Kulturpolitik|Kunst|Internet|junger Mensch|Kulturpolitik|Kunst	Gerichtswesen|Notar|Rechtsanwalt|Straßenverkehr|Frau|Gleichbehandlung|öffentliche Sicherheit|Abfall|Abfallwirtschaft|Agrarerzeugnisse und Lebensmittel|Internet|junger Mensch|Kulturpolitik|Kunst	Energie|Umwelt|Energie|Kulturpolitik|Kunst|ethnische Gruppe|Internet|junger Mensch|Kulturpolitik|Kunst	Bildung|Organisation des Unterrichtswesens|Bildung|Organisation des Unterrichtswesens|Finanzwesen
2018-06-05		Bildung|Informatik|Information und Informationsverarbeitung|Organisation des Unterrichtswesens				Bildung|Informatik|Information und Informationsverarbeitung|Organisation des Unterrichtswesens
2018-06-11			öffentliche Sicherheit|Exekutive|Misstrauensantrag|öffentliche Sicherheit	Exekutive|Misstrauensantrag	Exekutive|Misstrauensantrag	
2018-06-13		Hochschulausbildung|Sekundarstufe	Parlamentsdebatte|Sekundarstufe|Informatik|Information und Informationsverarbeitung|Internationale Beziehungen|Verwaltungsreform|Internationale Beziehungen|soziale Sicherheit|soziale Sicherheit|Wirtschaft|Zivildienst|Beschäftigung und Arbeitsbedingungen|Flüchtling|Hochschulausbildung|Altersversorgungssystem|Behinderter|Altersversorgungssystem|öffentliche Verwaltung|öffentlicher Dienst|Hochschulausbildung|soziale Sicherheit|Menschenrechte|junger Mensch|öffentliche Verwaltung|öffentlicher Dienst|soziale Sicherheit|Gesundheit	Zivildienst|Agrarerzeugnisse und Lebensmittel|Land- und Forstwirtschaft, Fischerei|Handel|Industrie|partizipative Demokratie|Unternehmen und Wettbewerb	Steuerwesen|Zivildienst|Kulturpolitik|Kunst|Steuerwesen|Tourismus|Europäische Union|Steuerwesen|Arbeitsrecht|Öffentliche Finanzen und Haushaltspolitik|soziale Sicherheit|Europäische Union|Steuerwesen|Tourismus|Beschäftigung und Arbeitsbedingungen|Handel|Industrie|partizipative Demokratie|Unternehmen und Wettbewerb	Hochschulausbildung|Sekundarstufe
2018-06-14		Arbeitsrecht|namentliche Abstimmung|soziale Sicherheit|Handel|Industrie|Unternehmen und Wettbewerb|Versicherungswesen	Handel|Industrie|Unternehmen und Wettbewerb|Währungsbeziehungen	direkt gewählte Kammer|Einkommen|Inkompatibilität|Verwaltung und Entlohnung des Personals|Verfassungsgerichtsbarkeit|Verwaltungsgerichtsbarkeit|Beschäftigung und Arbeitsbedingungen|junger Mensch	Frau|Gesundheit|Gleichbehandlung|Frau|Gesundheit|Gleichbehandlung|soziale Sicherheit|Europäische Union|Handel|Industrie|Unternehmen und Wettbewerb|Europäische Union|Land- und Forstwirtschaft, Fischerei|Einkommen|Europäische Union|soziale Sicherheit|Verwaltung und Entlohnung des Personals|Europäische Union|Öffentliche Finanzen und Haushaltspolitik|soziale Sicherheit|Europäische Union|Internet|Steuerwesen	Arbeitsrecht|namentliche Abstimmung|soziale Sicherheit|Handel|Industrie|Unternehmen und Wettbewerb|Versicherungswesen
2018-06-27		Opferhilfe	Opferhilfe	Opferhilfe	Opferhilfe	Opferhilfe
2018-06-29			Bürgerliches Recht|Europäische Union|Internet|Presse|Familie	direkt gewählte Kammer|Verfassung|Arbeitsrecht|Arbeitsrecht|partizipative Demokratie	Arbeitsrecht	
2018-07-04		Familie|Steuerwesen|Bildung|Gesundheit|Organisation des Unterrichtswesens	Beschäftigung und Arbeitsbedingungen|Frau|Gleichbehandlung|Familie|Elektrizitätsindustrie|Straßenverkehr|Bildung|Organisation des Unterrichtswesens|Gesundheit|direkt gewählte Kammer|Verteidigung|Arbeitslosenversicherung|Beschäftigung und Arbeitsbedingungen|Arbeitsrecht|öffentliche Verwaltung|öffentlicher Dienst|Arbeitslosenversicherung|soziale Sicherheit|Gerichtswesen|Gesetzgebungsverfahren|Verfassung|Bürgerliches Recht|Europäische Union|Internet|Presse|Bildung|Gesundheit|Organisation des Unterrichtswesens	direkt gewählte Kammer|Einkommen|Inkompatibilität|Verfassung|Verwaltung und Entlohnung des Personals|Kulturpolitik|Kunst|Steuerwesen|Bildung|Forschung und geistiges Eigentum|Gesundheit|Organisation des Unterrichtswesens|Wissenschaften|Familie|Steuerwesen	Museum|Straßenverkehr|Haushaltskontrolle|Kulturpolitik|Kunst|Bildung|Forschung und geistiges Eigentum|Gesundheit|Organisation des Unterrichtswesens|Wissenschaften|Exekutive|Informatik|Information und Informationsverarbeitung|Verwaltungsorganisation	Familie|Steuerwesen|Bildung|Gesundheit|Organisation des Unterrichtswesens
2018-07-05			Familie|Statistik|Geschäftsordnung des Parlaments|Gesetzgebungsverfahren|Internet|partizipative Demokratie	Kulturpolitik|Kunst|Völkerrecht|Kulturpolitik|Kunst|Raumordnung|Kulturpolitik|Kunst|Raumordnung|Völkerrecht|Familie|Statistik|Gesetzgebungsverfahren|Straßenverkehr|Internet|Strafrecht|Telekommunikation|Hochschulausbildung|Kulturpolitik|Kunst|Raumordnung|Opferhilfe|Verwaltungskontrolle|Arbeitsrecht	Gliedstaat|junger Mensch|Einkommen|Verwaltung und Entlohnung des Personals|Gesetzgebungsverfahren|Handel|Industrie|internationales Arbeitsrecht|Unternehmen und Wettbewerb|Familie|Statistik|Arbeitsrecht|Internet|Strafrecht|Telekommunikation|Gesundheit|Arbeitsrecht|Hochschulausbildung|Arbeitsrecht	
2018-09-07			Exekutive|Misstrauensantrag	Exekutive|Misstrauensantrag	Europäische Union|Exekutive|Misstrauensantrag	
2018-09-26		Internationale Beziehungen|Menschenrechte|Arbeitsrecht|Einkommen|Verwaltung und Entlohnung des Personals|Menschenrechte|Religion|Familienleistungsausgleich|Europäische Union|Finanzwesen|Versicherungswesen|Europäische Union|Internationale Beziehungen|Menschenrechte|Presse|Tiermedizin|Tierschutz	Beschäftigung und Arbeitsbedingungen|Flüchtling|junger Mensch|namentliche Abstimmung|Verfassungsgerichtsbarkeit|Verwaltungsgerichtsbarkeit|Europäische Union|Kulturpolitik|Kunst|Preis|Altersversorgungssystem|Altersversorgungssystem|Erwachsenenbildung|Internationale Beziehungen|Menschenrechte|Öffentlicher Sektor|Verfassung|Verwaltungskontrolle|Altersversorgungssystem|Altersversorgungssystem|öffentliche Verwaltung|öffentlicher Dienst|Abfall|Abfallwirtschaft|Gliedstaat|Umwelt|Beschäftigung und Arbeitsbedingungen|Flüchtling|junger Mensch|Haushaltskontrolle|Vereinte Nationen|Altersversorgungssystem|Haushaltskontrolle|Öffentlicher Sektor|Internationale Beziehungen|Presse|Opferhilfe|Strafrecht|Verfassung|Verfassungsgerichtsbarkeit|Verwaltungsgerichtsbarkeit|Betreuung von Pflegebedürftigen|Familie|Krankenpflege|Verteidigung|Europäische Union|Internationale Beziehungen|Menschenrechte|Presse|Beschäftigung und Arbeitsbedingungen|Gesundheit|Altersversorgungssystem|Altersversorgungssystem|Familie|Familienleistungsausgleich|Haushaltskontrolle|Handel|Industrie|soziale Sicherheit|Unternehmen und Wettbewerb|Exekutive|Misstrauensantrag	Beschäftigung und Arbeitsbedingungen|Flüchtling|junger Mensch|namentliche Abstimmung|ausländischer Staatsangehöriger|öffentliche Sicherheit|Statistik|Geschäftsordnung des Parlaments|Gesetzgebungsverfahren|Internationale Beziehungen|Menschenrechte|Personalvertretung|Arbeitsrecht|Arbeitsrecht|Zivilschutz|Gerichtswesen|Gerichtswesen|Gesundheit|soziale Sicherheit|Beschäftigung und Arbeitsbedingungen|junger Mensch|Sekundarstufe|Beschäftigung und Arbeitsbedingungen|Flüchtling|junger Mensch|Steuerwesen|Umwelt|Arbeitslosenversicherung|Beschäftigung und Arbeitsbedingungen|Internationale Beziehungen|Presse|Beschäftigung und Arbeitsbedingungen|junger Mensch|Museum|Energie|Umwelt|Arbeitslosenversicherung|Altersversorgungssystem|Arbeitsrecht|Betreuung von Pflegebedürftigen|Krankenpflege|Gerichtswesen|Europäische Union|Internationale Beziehungen|Menschenrechte|Presse|Museum|Sozialpolitik|Altersversorgungssystem|Arbeitsrecht|Einkommen|Verwaltung und Entlohnung des Personals|Arbeitsrecht|Einkommen|Verwaltung und Entlohnung des Personals|Exekutive|Misstrauensantrag	Beschäftigung und Arbeitsbedingungen|Flüchtling|junger Mensch|namentliche Abstimmung|Ausbildungsbeihilfe|Internationale Beziehungen|Menschenrechte|Energie|Umwelt|Internationale Beziehungen|Menschenrechte|Finanzwesen|Finanzwesen|Politik der Zusammenarbeit|Beschäftigung und Arbeitsbedingungen|Flüchtling|junger Mensch|Wasser|Wasserbewirtschaftung|Betreuung von Pflegebedürftigen|Krankenpflege|Familie|Internationale Beziehungen|Presse|Land- und Forstwirtschaft, Fischerei|Umwelt|Vereinte Nationen|Europäische Union|Internationale Beziehungen|Menschenrechte|Presse|Arbeitsrecht|Frau|Gleichbehandlung|Gesundheit|Handel|Industrie|Unternehmen und Wettbewerb|Umwelt|Exekutive|Misstrauensantrag	Internationale Beziehungen|Menschenrechte|Arbeitsrecht|Einkommen|Verwaltung und Entlohnung des Personals|Menschenrechte|Religion|Familienleistungsausgleich|Europäische Union|Finanzwesen|Versicherungswesen|Europäische Union|Internationale Beziehungen|Menschenrechte|Presse|Tiermedizin|Tierschutz
2018-10-18			Gesundheit|Tabak	Parlamentsdebatte|Steuerwesen|Umwelt|Verkehr|Gesundheit|Tabak|Flüchtling|Vereinte Nationen	Land- und Forstwirtschaft, Fischerei|Umwelt|Kulturpolitik|Kunst|Opferhilfe|Gesundheit|Tabak|Steuerwesen|Energie|Land- und Forstwirtschaft, Fischerei|Steuerwesen|Umwelt	
2018-10-19			Europäische Union|Grenze		Europäische Union|Flüchtling|Grenze|Politik der Zusammenarbeit	
2018-10-24		Internationale Beziehungen|Internet|junger Mensch|Behinderter|Familienleistungsausgleich	Energie|Forschung und geistiges Eigentum|Verkehr|Wissenschaften|Frau|Gleichbehandlung|Internet|Strafrecht|Internationale Beziehungen|Gesundheit|Straßenverkehr|Gerichtswesen|Presse|Einkommen|Verwaltung und Entlohnung des Personals|Wohnungspolitik|Altersversorgungssystem|Frau|Gleichbehandlung|Gesundheit|Forschung und geistiges Eigentum|Frau|Gleichbehandlung|Wissenschaften|Frau|Gleichbehandlung|junger Mensch|öffentliche Sicherheit|Strafrecht|Behinderter|Familienleistungsausgleich|Arbeitsrecht|Familie	Gerichtswesen|Informatik|Information und Informationsverarbeitung|Gerichtswesen|Informatik|Information und Informationsverarbeitung|Verwaltungsreform|Frau|Gleichbehandlung|Internet|Strafrecht|Internationale Beziehungen|Bauindustrie und öffentliches Bauwesen|Baupolitik|Informatik|Information und Informationsverarbeitung|Kulturpolitik|Kunst|Museum|Informatik|Information und Informationsverarbeitung|Vereinsleben|Versammlungsfreiheit|Strafrecht|Umwelt|Gerichtswesen|Informatik|Information und Informationsverarbeitung|Behinderter|Familienleistungsausgleich	Frau|Gleichbehandlung|Internet|Strafrecht|Internationale Beziehungen|Filmindustrie|Frau|Gleichbehandlung|Europäische Union|Frau|Gleichbehandlung|Land- und Forstwirtschaft, Fischerei|Informatik|Information und Informationsverarbeitung|Presse|soziale Sicherheit|soziale Sicherheit|Telekommunikation|Zivilschutz|Behinderter|Familienleistungsausgleich|Arbeitsrecht|Familie|Frau|Gleichbehandlung	Internationale Beziehungen|Internet|junger Mensch|Behinderter|Familienleistungsausgleich
2018-10-25	Energie|Geschäftsordnung des Parlaments|Steuerwesen|Umwelt	Wohnungspolitik|Schienentransport|Bürgerliches Recht|Gliedstaat|Versicherungswesen|Arbeitslosenversicherung|Beschäftigung und Arbeitsbedingungen|Europäische Union|Internationale Beziehungen|Menschenrechte|Presse	Staatsangehöriger|soziale Sicherheit|Internationale Beziehungen|Menschenrechte|Presse|Internationale Beziehungen|Menschenrechte|Presse|Vereinte Nationen|diplomatische Beziehungen	Gesundheit|junger Mensch|Sozialpolitik|Notar|Rechtsanwalt|Verfassung|Frau|Gleichbehandlung|Steuerwesen|vorschulische Erziehung|diplomatische Beziehungen|Menschenrechte|Parlamentsdebatte|Informatik|Information und Informationsverarbeitung|Umwelt|Gesundheit|Bildung|Organisation des Unterrichtswesens|Internationale Beziehungen|Menschenrechte|Presse|Handel|Industrie|Menschenrechte|Unternehmen und Wettbewerb	Handel|Industrie|öffentliche Sicherheit|Unternehmen und Wettbewerb|Bildung|Opferhilfe|Organisation des Unterrichtswesens|Sport|Informatik|Information und Informationsverarbeitung|junger Mensch|Abfall|Abfallwirtschaft|Elektrizitäts- und Kernkraftindustrie|Internationale Beziehungen|Menschenrechte|Presse|Internationale Beziehungen|Menschenrechte|Presse|Vereinte Nationen|Umwelt|Verwaltungsrecht|diplomatische Beziehungen	Wohnungspolitik|Schienentransport|Bürgerliches Recht|Gliedstaat|Versicherungswesen|Arbeitslosenversicherung|Beschäftigung und Arbeitsbedingungen|Europäische Union|Internationale Beziehungen|Menschenrechte|Presse
2018-11-13		Internet|Wohnungspolitik	Internet|Wohnungspolitik	Internet|Wohnungspolitik	Internet|Wohnungspolitik	Internet|Wohnungspolitik
2018-11-16			Politische Partei|Wahl|Handel|Industrie|Straßenverkehr|Unternehmen und Wettbewerb|Arbeitsrecht|Arbeitsrecht	Arbeitsrecht|Tourismus|Umwelt|Arbeitslosenversicherung	Politische Partei|Arbeitsrecht|Parlamentsdebatte	
2018-11-21		Hochschulausbildung|Forschung und geistiges Eigentum|Wissenschaften|Bildung|Organisation des Unterrichtswesens|Sport|Sport	Steuerwesen|Straßenverkehr|Familie|öffentliche Verwaltung|öffentlicher Dienst|Hochschulausbildung|Haushaltskontrolle|Politische Partei|Verfassung|Arbeitslosenversicherung|Sozialpolitik|Ausweis|Informatik|Information und Informationsverarbeitung|Flüchtling|Vereinte Nationen|öffentliche Verwaltung|öffentlicher Dienst|Energie|Umwelt|Land- und Forstwirtschaft, Fischerei|Flüchtling|Forschung und geistiges Eigentum|Wissenschaften|Bildung|Organisation des Unterrichtswesens|Bürgerliches Recht|Europäische Union|Internet|Presse|Hochschulausbildung|Steuerwesen|Tiermedizin|Tierschutz|Finanzausgleich|vorschulische Erziehung	Betreuung von Pflegebedürftigen|Forschung und geistiges Eigentum|Krankenpflege|Wissenschaften|Museum|Forschung und geistiges Eigentum|Wissenschaften|Politische Partei|Wahl|Kulturpolitik|Kunst|Kulturpolitik|Kunst|vorschulische Erziehung	Steuerwesen|Behinderter|Fernsehen|Hörfunk|Energie|Umwelt|Forschung und geistiges Eigentum|Wissenschaften|Energie|Umwelt|Bürgerliches Recht|Frau|Gleichbehandlung|Öffentliche Finanzen und Haushaltspolitik|Steuerwesen|Fernsehen|Hörfunk|Informatik|Information und Informationsverarbeitung	Hochschulausbildung|Forschung und geistiges Eigentum|Wissenschaften|Bildung|Organisation des Unterrichtswesens|Sport|Sport
2018-11-22		Bildung|namentliche Abstimmung|Organisation des Unterrichtswesens|Religion|Verfassung|Handel|Industrie|Unternehmen und Wettbewerb|Bibliothek|Museum|Preis|Europäische Union|Menschenrechte|Strafrecht|direkt gewählte Kammer|ausländischer Staatsangehöriger|Beschäftigung und Arbeitsbedingungen|Hochschulausbildung|Wahl|Grenze|öffentliche Sicherheit|Elektrizitätsindustrie|namentliche Abstimmung|Verfassung|Kulturpolitik|Kunst|Tabak	soziale Sicherheit|direkt gewählte Kammer|Bildung|Organisation des Unterrichtswesens|Religion|Behinderter	Agrarerzeugnisse und Lebensmittel|Tiermedizin|Tierschutz|direkt gewählte Kammer|Europäische Union|Tiermedizin|Tierschutz|Betreuung von Pflegebedürftigen|Informatik|Information und Informationsverarbeitung|Krankenpflege|Behinderter|Forschung und geistiges Eigentum|Informatik|Information und Informationsverarbeitung|Land- und Forstwirtschaft, Fischerei|Wissenschaften|Wohnungspolitik	direkt gewählte Kammer|Sekundarstufe|Arbeitsrecht|Forschung und geistiges Eigentum|Informatik|Information und Informationsverarbeitung|Land- und Forstwirtschaft, Fischerei|Wissenschaften|Behinderter|Beschäftigung und Arbeitsbedingungen|Tiermedizin|Tierschutz|Altersversorgungssystem|Frau|Gleichbehandlung|Europäische Union|Land- und Forstwirtschaft, Fischerei	Bildung|namentliche Abstimmung|Organisation des Unterrichtswesens|Religion|Verfassung|Handel|Industrie|Unternehmen und Wettbewerb|Bibliothek|Museum|Preis|Europäische Union|Menschenrechte|Strafrecht|direkt gewählte Kammer|ausländischer Staatsangehöriger|Beschäftigung und Arbeitsbedingungen|Hochschulausbildung|Wahl|Grenze|öffentliche Sicherheit|Elektrizitätsindustrie|namentliche Abstimmung|Verfassung|Kulturpolitik|Kunst|Tabak
2018-11-29		Grenze			Fischerei|Jagd|öffentliche Sicherheit	Grenze
2018-12-11			soziale Sicherheit|Steuerwesen|Finanzausgleich|Primarstufe|vorschulische Erziehung|Handel|Industrie|Steuerwesen|Unternehmen und Wettbewerb		Parlamentsdebatte|Steuerwesen|Wohnungspolitik|Gesundheit|Tabak|öffentliches Eigentum|Bürgerliches Recht|Wohnungspolitik	
2018-12-12		Sport	Familie|soziale Sicherheit|Straßenverkehr|vorschulische Erziehung|Forschung und geistiges Eigentum|soziale Sicherheit|Wissenschaften|Verfassungsgerichtsbarkeit|Verwaltungsgerichtsbarkeit|Bildung|Informatik|Information und Informationsverarbeitung|Organisation des Unterrichtswesens|Hochschulausbildung|öffentliche Verwaltung|öffentlicher Dienst|Altersversorgungssystem|Versicherungswesen|Europarat|Staatsangehöriger|Verteidigung|Bildung|Organisation des Unterrichtswesens|Altersversorgungssystem|Familie|Frau|Gleichbehandlung|Opferhilfe|Hochschulausbildung|Wahl|Handel|Industrie|Unternehmen und Wettbewerb|Wahl|Umwelt|Verwaltungsrecht|Europäische Union|Internationale Beziehungen		Land- und Forstwirtschaft, Fischerei|Tiermedizin|Tierschutz|Agrarerzeugnisse und Lebensmittel|Land- und Forstwirtschaft, Fischerei|Land- und Forstwirtschaft, Fischerei|Umwelt|Vereinte Nationen|Wahl|Einkommen|Europäische Union|Verwaltung und Entlohnung des Personals|Europäische Union|Internet|Steuerwesen	Sport
2018-12-13		Handel|Industrie|Unternehmen und Wettbewerb|Vereinsleben|Versammlungsfreiheit|Arbeitsrecht|Gesundheit|Frau|Gleichbehandlung|junger Mensch|Opferhilfe|soziale Sicherheit|Gesundheit|soziale Sicherheit	Menschenrechte|Presse|Tiermedizin|Tierschutz|Forschung und geistiges Eigentum|soziale Sicherheit|Wissenschaften|Gesundheit|Informatik|Information und Informationsverarbeitung|Frau|Gleichbehandlung|junger Mensch|Opferhilfe|Gliedstaat|junger Mensch|Bildung|Internet|junger Mensch|Organisation des Unterrichtswesens	Hochschulausbildung|Abfall|Abfallwirtschaft|Forschung und geistiges Eigentum|Wissenschaften|Beschäftigung und Arbeitsbedingungen|Handel|Industrie|Unternehmen und Wettbewerb|Forschung und geistiges Eigentum|Land- und Forstwirtschaft, Fischerei|Umwelt|Wissenschaften|Gesundheit|Frau|Gleichbehandlung|junger Mensch|Opferhilfe|soziale Sicherheit|Wahl	Opferhilfe|Frau|Gleichbehandlung|Strafrecht|Öffentliche Finanzen und Haushaltspolitik|öffentliche Sicherheit|Opferhilfe|Europarat|Frau|Gleichbehandlung|öffentliche Sicherheit|Opferhilfe|Völkerrecht|Gesundheit|junger Mensch|Gesetzgebungsverfahren|Staatsangehöriger|Frau|Gleichbehandlung|Opferhilfe|Strafrecht|Museum|Europarat|Frau|Gleichbehandlung|öffentliche Sicherheit|Völkerrecht|Frau|Gleichbehandlung|Opferhilfe|Strafrecht|Europarat|Frau|Gleichbehandlung|öffentliche Sicherheit|Opferhilfe|Völkerrecht|Menschenrechte|Presse|Frau|Gleichbehandlung|Opferhilfe|Beschäftigung und Arbeitsbedingungen|Handel|Industrie|Unternehmen und Wettbewerb|Europarat|Frau|Gleichbehandlung|öffentliche Sicherheit|Opferhilfe|Völkerrecht|Internet|Steuerwesen|Gesundheit|junger Mensch|Frau|Gleichbehandlung|öffentliche Sicherheit|Bildung|Organisation des Unterrichtswesens|vorschulische Erziehung|Frau|Gleichbehandlung|junger Mensch|Opferhilfe|Gesundheit|Gliedstaat|junger Mensch	Handel|Industrie|Unternehmen und Wettbewerb|Vereinsleben|Versammlungsfreiheit|Arbeitsrecht|Gesundheit|Frau|Gleichbehandlung|junger Mensch|Opferhilfe|soziale Sicherheit|Gesundheit|soziale Sicherheit
2019-01-29		Darstellende Künste|Geschäftsordnung des Parlaments|Haushaltskontrolle|Geschäftsordnung des Parlaments|Gesundheit|Haushaltskontrolle|Gesundheit|soziale Sicherheit	Gesundheit|Öffentliche Finanzen und Haushaltspolitik|Gesundheit|Gesundheit|Informatik|Information und Informationsverarbeitung|Öffentliche Finanzen und Haushaltspolitik	Ausbildungsbeihilfe|Betreuung von Pflegebedürftigen|Familie|Krankenpflege|Sozialpolitik|Betreuung von Pflegebedürftigen|Krankenpflege	Gesundheit|Parlamentsdebatte|Gesundheit|Tiermedizin|Tierschutz|Geschäftsordnung des Parlaments|Haushaltskontrolle|öffentliche Verwaltung|öffentlicher Dienst|Europäische Union|Handel|Industrie|Unternehmen und Wettbewerb|Land- und Forstwirtschaft, Fischerei|Wasser|Wasserbewirtschaftung|Kulturpolitik|Kunst|Sozialpolitik|Straßenverkehr	Darstellende Künste|Geschäftsordnung des Parlaments|Haushaltskontrolle|Geschäftsordnung des Parlaments|Gesundheit|Haushaltskontrolle|Gesundheit|soziale Sicherheit
2019-01-30		Verfassungsgerichtsbarkeit|Verwaltungsgerichtsbarkeit|Arbeitsrecht|namentliche Abstimmung|öffentliche Verwaltung|öffentlicher Dienst|Menschenrechte|Strafrecht|öffentliche Verwaltung|öffentlicher Dienst|Presse|Familie|Familienleistungsausgleich	Arbeitslosenversicherung|Informatik|Information und Informationsverarbeitung|Presse|Verfassung|Verwaltungskontrolle|Exekutive|Misstrauensantrag|Luftverkehr|Verteidigung|Informatik|Information und Informationsverarbeitung|Gesundheit|Öffentliche Finanzen und Haushaltspolitik|Bürgerliches Recht|Gesundheit|Informatik|Information und Informationsverarbeitung|Öffentliche Finanzen und Haushaltspolitik|Verfassungsgerichtsbarkeit|Verwaltungsgerichtsbarkeit|Luftverkehr|Verteidigung|Exekutive|Misstrauensantrag|namentliche Abstimmung	Behinderter|Beschäftigung und Arbeitsbedingungen|Gesundheit|junger Mensch|Tabak|Arbeitsrecht|Frau|Gleichbehandlung|Informatik|Information und Informationsverarbeitung|Behinderter|Beschäftigung und Arbeitsbedingungen|Menschenrechte|Parlamentsdebatte|Informatik|Information und Informationsverarbeitung|Straßenverkehr|Exekutive|Misstrauensantrag|namentliche Abstimmung|Straßenverkehr	Arbeitsrecht|junger Mensch|Bildung|Europäische Union|Organisation des Unterrichtswesens|Frau|Gleichbehandlung|Opferhilfe|Opferhilfe|Arbeitsrecht|Arbeitsrecht|Betreuung von Pflegebedürftigen|Gesetzgebungsverfahren|Krankenpflege|Beschäftigung und Arbeitsbedingungen|Betreuung von Pflegebedürftigen|Krankenpflege|junger Mensch|Agrarerzeugnisse und Lebensmittel|Wasser|Wasserbewirtschaftung|Bildung|Europäische Union|Organisation des Unterrichtswesens|Personenstand|Wasser|Wasserbewirtschaftung|öffentliche Verwaltung|öffentlicher Dienst|Steuerwesen|Arbeitsrecht|Familie|Gesetzgebungsverfahren|Frau|Gleichbehandlung|öffentliche Sicherheit|Frau|Gleichbehandlung|Menschenrechte|Exekutive|Misstrauensantrag|namentliche Abstimmung	Verfassungsgerichtsbarkeit|Verwaltungsgerichtsbarkeit|Arbeitsrecht|namentliche Abstimmung|öffentliche Verwaltung|öffentlicher Dienst|Menschenrechte|Strafrecht|öffentliche Verwaltung|öffentlicher Dienst|Presse|Familie|Familienleistungsausgleich
2019-02-27		Menschenrechte|Religion|Agrarerzeugnisse und Lebensmittel|Land- und Forstwirtschaft, Fischerei|Politische Partei|Bildung|Organisation des Unterrichtswesens|Europäische Union|Straßenverkehr	Straßenverkehr|Land- und Forstwirtschaft, Fischerei|Umwelt|Bildung|öffentliche Verwaltung|öffentlicher Dienst|Organisation des Unterrichtswesens|Land- und Forstwirtschaft, Fischerei|Umwelt|Gesundheit|Flüchtling|öffentliche Sicherheit|Forschung und geistiges Eigentum|soziale Sicherheit|Wissenschaften|Land- und Forstwirtschaft, Fischerei|Öffentlicher Sektor|Umwelt|Hochschulausbildung|Land- und Forstwirtschaft, Fischerei|Umwelt|Gesundheit|soziale Sicherheit|Informatik|Information und Informationsverarbeitung|Statistik|Agrarerzeugnisse und Lebensmittel|Land- und Forstwirtschaft, Fischerei|Bildung|Organisation des Unterrichtswesens|Beschäftigung und Arbeitsbedingungen|Bildung|Organisation des Unterrichtswesens|Verwaltungsreform|Wirtschaft|Familie|Flüchtling|Grenze|öffentliche Sicherheit|Land- und Forstwirtschaft, Fischerei|Umwelt|Informatik|Information und Informationsverarbeitung|öffentliche Sicherheit|Arbeitsrecht|öffentliche Verwaltung|öffentlicher Dienst|Religion|Betreuung von Pflegebedürftigen|Familie|Krankenpflege	Straßenverkehr|Hochschulausbildung|Gesetzgebungsverfahren|Informatik|Information und Informationsverarbeitung|Verfassung|Land- und Forstwirtschaft, Fischerei|Tiermedizin|Tierschutz|Umwelt|Familienleistungsausgleich|Arbeitsrecht|Statistik|Wohnungspolitik|Informatik|Information und Informationsverarbeitung|Statistik|vorschulische Erziehung|Gesetzgebungsverfahren|Informatik|Information und Informationsverarbeitung|Verfassung|Bauindustrie und öffentliches Bauwesen|Baupolitik|Kulturpolitik|Kunst|Raumordnung|Familienleistungsausgleich|Flüchtling|öffentliche Sicherheit|Tiermedizin|Tierschutz|Betreuung von Pflegebedürftigen|Familie|Krankenpflege|Arbeitsrecht|Familie	Straßenverkehr|Informatik|Information und Informationsverarbeitung|Internet|Telekommunikation|Steuerwesen|Versicherungswesen|Straßenverkehr|Elektrizitätsindustrie|Wohnungspolitik|Hochschulausbildung|Arbeitsrecht|Politik der Zusammenarbeit|Vereinte Nationen|Forschung und geistiges Eigentum|Hochschulausbildung|Wissenschaften|Luftverkehr|Versicherungswesen|Internationale Beziehungen|Wohnungspolitik|Informatik|Information und Informationsverarbeitung|Statistik|Europäische Union|Wirtschaft|Handel|Industrie|Unternehmen und Wettbewerb|Verwaltungskontrolle|Land- und Forstwirtschaft, Fischerei|Tiermedizin|Tierschutz|Umwelt|Arbeitsrecht|Familie|Handel|Industrie|Unternehmen und Wettbewerb|Elektrizitäts- und Kernkraftindustrie|Telekommunikation|Forschung und geistiges Eigentum|Tiermedizin|Tierschutz|Wissenschaften|Europäische Union|Arbeitsrecht|Familie	Menschenrechte|Religion|Agrarerzeugnisse und Lebensmittel|Land- und Forstwirtschaft, Fischerei|Politische Partei|Bildung|Organisation des Unterrichtswesens|Europäische Union|Straßenverkehr
2019-03-12		Frau|Gleichbehandlung|öffentliche Sicherheit				Frau|Gleichbehandlung|öffentliche Sicherheit
2019-03-19		Gesundheit|soziale Sicherheit				Gesundheit|soziale Sicherheit
2019-03-27		soziale Sicherheit	Altersversorgungssystem|soziale Sicherheit|ausländischer Staatsangehöriger|öffentliche Sicherheit|Verteidigung|Forschung und geistiges Eigentum|Museum|Wissenschaften|Erwachsenenbildung|Informatik|Information und Informationsverarbeitung|Öffentliche Finanzen und Haushaltspolitik|Verteidigung|Kulturpolitik|Kunst|Steuerwesen|Opferhilfe|Handel|Industrie|Primarstufe|Unternehmen und Wettbewerb|Gesundheit|Tabak|Steuerwesen|soziale Sicherheit|Wahl|Europäische Union|Verteidigung|Arbeitslosenversicherung|Sozialpolitik|Archiv|Informatik|Information und Informationsverarbeitung|Bildung|öffentliche Verwaltung|öffentlicher Dienst|Organisation des Unterrichtswesens|Forschung und geistiges Eigentum|Gesundheit|Wissenschaften|soziale Sicherheit|Wahl	Europäische Union|Handel|Industrie|Tiermedizin|Tierschutz|Unternehmen und Wettbewerb|Kulturpolitik|Kunst|Raumordnung|direkt gewählte Kammer|Exekutive|Betreuung von Pflegebedürftigen|Krankenpflege|Europäische Union|Flüchtling|Grenze|Menschenrechte|Gesundheit|junger Mensch|Tabak|Betreuung von Pflegebedürftigen|Krankenpflege|Forschung und geistiges Eigentum|Gesundheit|Wissenschaften|Einkommen|Verwaltung und Entlohnung des Personals	Betreuung von Pflegebedürftigen|Krankenpflege|Betreuung von Pflegebedürftigen|Krankenpflege|Betreuung von Pflegebedürftigen|Krankenpflege|Öffentliche Finanzen und Haushaltspolitik|Parlamentsdebatte|soziale Sicherheit|Handel|Industrie|Steuerwesen|Unternehmen und Wettbewerb|Geschäftsordnung des Parlaments|Gesetzgebungsverfahren|Verfassung|Verwaltungsrecht|Wohnungspolitik|Steuerwesen|Behinderter|Beschäftigung und Arbeitsbedingungen|Öffentliche Finanzen und Haushaltspolitik|Tourismus|Betreuung von Pflegebedürftigen|Krankenpflege|Handel|Industrie|Unternehmen und Wettbewerb|Wahl|Kulturpolitik|Kunst|soziale Sicherheit|Sozialpolitik|Umwelt|Familie|öffentliche Sicherheit|Vereinsleben|Versammlungsfreiheit|Ausweis|Informatik|Information und Informationsverarbeitung|öffentliche Verwaltung|öffentlicher Dienst|Gesundheit|Handel|Industrie|Tabak|Unternehmen und Wettbewerb|Forschung und geistiges Eigentum|Gesundheit|Wissenschaften	soziale Sicherheit
2019-03-28		Elektrizitäts- und Kernkraftindustrie|Internationale Beziehungen|öffentliche Sicherheit	öffentliche Sicherheit|öffentliche Sicherheit|öffentliche Sicherheit|öffentliche Sicherheit	Bildung|junger Mensch|Land- und Forstwirtschaft, Fischerei|Organisation des Unterrichtswesens|Parlamentsdebatte|Steuerwesen|Straßenverkehr|Umwelt|Informatik|Information und Informationsverarbeitung|öffentliche Sicherheit|öffentliche Sicherheit|Religion|Agrarerzeugnisse und Lebensmittel|Gesundheit|Land- und Forstwirtschaft, Fischerei|Umwelt|Tabak|Umwelt|öffentliche Sicherheit|Öffentlicher Sektor|Politische Partei	Arbeitslosenversicherung|Steuerwesen|ausländischer Staatsangehöriger|öffentliche Sicherheit|Behinderter|Frau|Gleichbehandlung|Informatik|Information und Informationsverarbeitung|Forschung und geistiges Eigentum|Wissenschaften|Strafrecht|Informatik|Information und Informationsverarbeitung|Straßenverkehr|Europäische Union|Land- und Forstwirtschaft, Fischerei|Bildung|Organisation des Unterrichtswesens|Vereinsleben|Versammlungsfreiheit|direkt gewählte Kammer|öffentliche Sicherheit|Elektrizitäts- und Kernkraftindustrie|Agrarerzeugnisse und Lebensmittel|Land- und Forstwirtschaft, Fischerei|Europäische Union|Handel|Industrie|Unternehmen und Wettbewerb|Wirtschaft|Umwelt|Europäische Union|Internationale Beziehungen|Wirtschaft|öffentliche Sicherheit|Gesundheit|Land- und Forstwirtschaft, Fischerei|Umwelt|Land- und Forstwirtschaft, Fischerei|Umwelt|Einkommen|Europäische Union|Verwaltung und Entlohnung des Personals	Elektrizitäts- und Kernkraftindustrie|Internationale Beziehungen|öffentliche Sicherheit
2019-04-24		öffentliche Verwaltung|öffentlicher Dienst|Frau|Gleichbehandlung|Opferhilfe|diplomatische Beziehungen|Trentino-Südtirol|Bürgerliches Recht|Familie	Gesundheit|soziale Sicherheit|Europäische Union|Wahl|öffentliche Sicherheit|Verteidigung|Altersversorgungssystem|Steuerwesen|Familie|Gerichtswesen|Steuerwesen|öffentliche Verwaltung|öffentlicher Dienst|Gerichtswesen	Steuerwesen|Kulturpolitik|Kunst|Bibliothek|Steuerwesen|Behinderter|Beschäftigung und Arbeitsbedingungen|Bildung|Forschung und geistiges Eigentum|Organisation des Unterrichtswesens|Wissenschaften|Bibliothek|Informatik|Information und Informationsverarbeitung|Gerichtswesen|Steuerwesen|Bürgerliches Recht|Familie|Sozialpolitik	Frau|Gleichbehandlung|öffentliche Sicherheit|partizipative Demokratie|ausländischer Staatsangehöriger|Familie|Frau|Gleichbehandlung|partizipative Demokratie|Flüchtling|Frau|Gleichbehandlung|partizipative Demokratie|Frau|Gleichbehandlung|partizipative Demokratie|Frau|Gesundheit|Gleichbehandlung|partizipative Demokratie|ausländischer Staatsangehöriger|Frau|Gleichbehandlung|partizipative Demokratie|Flüchtling|Frau|Gleichbehandlung|öffentliche Sicherheit|partizipative Demokratie|Frau|Gleichbehandlung|öffentliche Sicherheit|partizipative Demokratie|Frau|Gleichbehandlung|partizipative Demokratie|Bürgerliches Recht|Familie|Frau|Gleichbehandlung|partizipative Demokratie|Frau|Gleichbehandlung|öffentliche Sicherheit|partizipative Demokratie|Frau|Gleichbehandlung|Handel|Industrie|partizipative Demokratie|Unternehmen und Wettbewerb|Tiermedizin|Tierschutz|Familie|Frau|Gleichbehandlung|partizipative Demokratie|Frau|Gleichbehandlung|partizipative Demokratie|Presse|Bildung|Organisation des Unterrichtswesens|Sport|Beschäftigung und Arbeitsbedingungen|Forschung und geistiges Eigentum|Frau|Gleichbehandlung|partizipative Demokratie|Wissenschaften|Familie|Frau|Gleichbehandlung|partizipative Demokratie|Flüchtling|Frau|Gleichbehandlung|partizipative Demokratie|Flüchtling|Frau|Gleichbehandlung|öffentliche Sicherheit|partizipative Demokratie|Frau|Gleichbehandlung|Opferhilfe|partizipative Demokratie|Forschung und geistiges Eigentum|Frau|Gleichbehandlung|junger Mensch|partizipative Demokratie|Wissenschaften|Frau|Gleichbehandlung|partizipative Demokratie|Presse|Europäische Union|Handel|Industrie|Steuerwesen|Unternehmen und Wettbewerb|Einkommen|Frau|Gleichbehandlung|partizipative Demokratie|Verwaltung und Entlohnung des Personals|Arbeitsrecht|Frau|Gleichbehandlung|partizipative Demokratie|Familie|Frau|Gleichbehandlung|partizipative Demokratie|Frau|Gesundheit|Gleichbehandlung|partizipative Demokratie|Frau|Gleichbehandlung|partizipative Demokratie|Wahl|Einkommen|Frau|Gleichbehandlung|partizipative Demokratie|Verwaltung und Entlohnung des Personals|Familie|Frau|Gleichbehandlung|partizipative Demokratie|Frau|Gleichbehandlung|Opferhilfe|partizipative Demokratie|Frau|Gesundheit|Gleichbehandlung|partizipative Demokratie|Flüchtling|Frau|Gleichbehandlung|partizipative Demokratie|Frau|Gleichbehandlung|partizipative Demokratie|Verwaltungsorganisation|Frau|Gleichbehandlung|öffentliche Sicherheit|partizipative Demokratie|Bildung|Frau|Gleichbehandlung|Organisation des Unterrichtswesens|partizipative Demokratie|Land- und Forstwirtschaft, Fischerei|Tiermedizin|Tierschutz|Frau|Gesundheit|Gleichbehandlung|partizipative Demokratie|Frau|Gleichbehandlung|partizipative Demokratie|Presse|Bürgerliches Recht|Familie|Frau|Gleichbehandlung|partizipative Demokratie|Frau|Gleichbehandlung|Handel|Industrie|öffentliche Verwaltung|öffentlicher Dienst|partizipative Demokratie|Unternehmen und Wettbewerb|Frau|Gleichbehandlung|öffentliche Sicherheit|partizipative Demokratie|Frau|Gesundheit|Gleichbehandlung|partizipative Demokratie|Frau|Gleichbehandlung|Opferhilfe|partizipative Demokratie|Frau|Gleichbehandlung|Handel|Industrie|öffentliche Verwaltung|öffentlicher Dienst|partizipative Demokratie|Unternehmen und Wettbewerb|Bildung|Frau|Gleichbehandlung|Organisation des Unterrichtswesens|partizipative Demokratie|Frau|Gleichbehandlung|Handel|Industrie|partizipative Demokratie|Unternehmen und Wettbewerb|Beschäftigung und Arbeitsbedingungen|Forschung und geistiges Eigentum|Frau|Gleichbehandlung|partizipative Demokratie|Wissenschaften|Flüchtling|Frau|Gleichbehandlung|öffentliche Sicherheit|partizipative Demokratie|ausländischer Staatsangehöriger|Frau|Gleichbehandlung|partizipative Demokratie|Flüchtling|Frau|Gleichbehandlung|partizipative Demokratie|Familie|Frau|Gleichbehandlung|partizipative Demokratie|Arbeitsrecht|Frau|Gleichbehandlung|partizipative Demokratie|Frau|Gleichbehandlung|partizipative Demokratie|Presse|Fernsehen|Hörfunk|Presse|Frau|Gleichbehandlung|partizipative Demokratie|Wahl|Einkommen|Frau|Gleichbehandlung|partizipative Demokratie|Verwaltung und Entlohnung des Personals|Frau|Gleichbehandlung|partizipative Demokratie|Forschung und geistiges Eigentum|Frau|Gleichbehandlung|junger Mensch|partizipative Demokratie|Wissenschaften|Flüchtling|Frau|Gleichbehandlung|partizipative Demokratie|Frau|Gleichbehandlung|partizipative Demokratie|Frau|Gesundheit|Gleichbehandlung|partizipative Demokratie|ausländischer Staatsangehöriger|Familie|Frau|Gleichbehandlung|partizipative Demokratie|Bürgerliches Recht|Familie|Frau|Gleichbehandlung|partizipative Demokratie|Familie|Frau|Gleichbehandlung|partizipative Demokratie|Frau|Gleichbehandlung|partizipative Demokratie|Verwaltungsorganisation|diplomatische Beziehungen|Trentino-Südtirol|Familie|Frau|Gleichbehandlung|partizipative Demokratie|Frau|Gleichbehandlung|partizipative Demokratie|Presse|Frau|Gesundheit|Gleichbehandlung|partizipative Demokratie|Familie|Frau|Gleichbehandlung|partizipative Demokratie|Bürgerliches Recht|Familie|Frau|Gleichbehandlung|partizipative Demokratie|Gerichtswesen|Steuerwesen|Einkommen|Frau|Gleichbehandlung|partizipative Demokratie|Verwaltung und Entlohnung des Personals	öffentliche Verwaltung|öffentlicher Dienst|Frau|Gleichbehandlung|Opferhilfe|diplomatische Beziehungen|Trentino-Südtirol|Bürgerliches Recht|Familie
2019-04-25		Altersversorgungssystem|Europäische Union|Land- und Forstwirtschaft, Fischerei|Elektrizitätsindustrie|Bildung|Organisation des Unterrichtswesens		Familie|Steuerwesen|Flüchtling|Menschenrechte|Exekutive|Gesetzgebungsverfahren|Verfassung|vorschulische Erziehung|Hochschulausbildung|Agrarerzeugnisse und Lebensmittel|Tiermedizin|Tierschutz|Behinderter|junger Mensch|Sozialpolitik|Vereinte Nationen|öffentliche Sicherheit|Vereinsleben|Versammlungsfreiheit|ausländischer Staatsangehöriger|Bildung|Organisation des Unterrichtswesens|Elektrizitäts- und Kernkraftindustrie|Umwelt	Darstellende Künste|Sport|Bauindustrie und öffentliches Bauwesen|Baupolitik|Land- und Forstwirtschaft, Fischerei|Steuerwesen|Bürgerliches Recht|Politik der Zusammenarbeit|Land- und Forstwirtschaft, Fischerei|Umwelt|öffentliche Sicherheit|Exekutive|Misstrauensantrag|Straßenverkehr|Elektrizitäts- und Kernkraftindustrie|Umwelt	Altersversorgungssystem|Europäische Union|Land- und Forstwirtschaft, Fischerei|Elektrizitätsindustrie|Bildung|Organisation des Unterrichtswesens
2019-05-15		Umwelt|Wirtschaft	Berufsverband|Handel|Industrie|Unternehmen und Wettbewerb|soziale Sicherheit|Umwelt|Raumordnung|Umwelt|Behinderter|Bildung|Organisation des Unterrichtswesens|Bildung|Familie|Organisation des Unterrichtswesens|Politik der Zusammenarbeit|Bauindustrie und öffentliches Bauwesen|Baupolitik|Raumordnung|Straßen- und Brückenbau|Umwelt|Raumordnung|Umwelt|Familie|Handel|Industrie|Unternehmen und Wettbewerb|Land- und Forstwirtschaft, Fischerei|Raumordnung|Umwelt|Umwelt|Bürgerliches Recht|Raumordnung|Umwelt|Raumordnung|Umwelt|Steuerwesen|Raumordnung|Umwelt|Handel|Industrie|Steuerwesen|Unternehmen und Wettbewerb|Wirtschaft	Erwachsenenbildung|Familie|junger Mensch|Primarstufe|Finanzwesen|Handel|Industrie|Unternehmen und Wettbewerb|junger Mensch|Sozialpolitik|Arbeitsrecht|Bildung|Organisation des Unterrichtswesens|Religion	Arbeitsrecht|Arbeitsrecht|Bildung|Organisation des Unterrichtswesens|Umwelt|Arbeitsrecht|Arbeitsrecht|Arbeitsrecht|direkt gewählte Kammer|Gesetzgebungsverfahren|Verfassung|Verfassungsgerichtsbarkeit|Verwaltungsgerichtsbarkeit|Beschäftigung und Arbeitsbedingungen|Wirtschaft|Arbeitsrecht|Bildung|junger Mensch|Organisation des Unterrichtswesens|Primarstufe|Bildung|Familie|Organisation des Unterrichtswesens	Umwelt|Wirtschaft
2019-05-16		Informatik|Information und Informationsverarbeitung|Sport|Frau|Gleichbehandlung|Sport|Opferhilfe|Familie|soziale Sicherheit	Strafrecht|Verteidigung|Statistik|Strafrecht|Statistik|Strafrecht	Bildung|Informatik|Information und Informationsverarbeitung|Organisation des Unterrichtswesens|Elektrizitäts- und Kernkraftindustrie|Informatik|Information und Informationsverarbeitung|ausländischer Staatsangehöriger	Straßenverkehr|Europäische Union|Handel|Industrie|Tiermedizin|Tierschutz|Unternehmen und Wettbewerb|Europäische Union|Internationale Beziehungen|Europäische Union|Land- und Forstwirtschaft, Fischerei|Europäische Union|Land- und Forstwirtschaft, Fischerei|Umwelt|Europäische Union|Land- und Forstwirtschaft, Fischerei|Tiermedizin|Tierschutz|Europäische Union|Land- und Forstwirtschaft, Fischerei|Umwelt	Informatik|Information und Informationsverarbeitung|Sport|Frau|Gleichbehandlung|Sport|Opferhilfe|Familie|soziale Sicherheit
2019-05-27		direkt gewählte Kammer|Politische Partei|Wahl	Politische Partei|Wahl|direkt gewählte Kammer|Exekutive|öffentliche Verwaltung|öffentlicher Dienst|Politische Partei|Wahl|öffentliche Sicherheit|ausländischer Staatsangehöriger|Steuerwesen|Politische Partei|Verfassung|Exekutive|Informatik|Information und Informationsverarbeitung|Presse|Wahl|Betreuung von Pflegebedürftigen|Familie|Krankenpflege|Politische Partei|Vereinsleben|Versammlungsfreiheit|Gesundheit|Tabak|Politische Partei|Verfassung|Wahl|Berufsverband|Haushaltskontrolle|öffentliche Verwaltung|öffentlicher Dienst|Politische Partei|Strafrecht|direkt gewählte Kammer|Exekutive|Verfassung|öffentliche Verwaltung|öffentlicher Dienst|Haushaltskontrolle|öffentliche Verwaltung|öffentlicher Dienst|Handel|Industrie|Unternehmen und Wettbewerb	Arbeitsrecht|soziale Sicherheit|Öffentliche Finanzen und Haushaltspolitik|Umwelt|Bürgerliches Recht|Familienleistungsausgleich|Verfassung|Wasserbewirtschaftung|Politische Partei|Verfassung|Wahl|Gesundheit|Tabak|Politische Partei|Vereinsleben|Versammlungsfreiheit|Umwelt|Verfassung|Tiermedizin|Tierschutz|Exekutive|Misstrauensantrag	direkt gewählte Kammer|Politische Partei|Wahl|Politische Partei|Wahl|Exekutive|Misstrauensantrag	direkt gewählte Kammer
2019-06-12		Einkommen|Finanzwesen|Verwaltung und Entlohnung des Personals|Bildung|Organisation des Unterrichtswesens|Abfall|Abfallwirtschaft|Bildung|Organisation des Unterrichtswesens|Wohnungspolitik|partizipative Demokratie|Verfassung|soziale Sicherheit|Staatsangehöriger|Verfassung|Bildung|Organisation des Unterrichtswesens|Umwelt|Verfassung|Wasserbewirtschaftung|Sekundarstufe|Verteidigung|Verwaltungskontrolle|diplomatische Beziehungen|Menschenrechte|Verwaltungskontrolle	Gesundheit|Tabak|Primarstufe|Bildung|Organisation des Unterrichtswesens|Umwelt|Energie|Europäische Union|Umwelt|Beschäftigung und Arbeitsbedingungen|Flüchtling|Haushaltskontrolle|Energie|Umwelt|öffentliche Sicherheit|Arbeitsrecht|Bildung|Organisation des Unterrichtswesens|Verfassung|Steuerwesen|Haushaltskontrolle|Verfassung|Strafrecht|Altersversorgungssystem|öffentliche Sicherheit|Beschäftigung und Arbeitsbedingungen|Flüchtling|Verwaltungskontrolle|öffentliche Sicherheit|Strafrecht|Altersversorgungssystem|Verwaltungskontrolle	Gesundheit|Tabak|Öffentliche Finanzen und Haushaltspolitik|Tiermedizin|Tierschutz|Steuerwesen|Umwelt|Haushaltskontrolle|Öffentlicher Sektor|Tiermedizin|Tierschutz|Familie|öffentliche Sicherheit|Energie|Wohnungspolitik|Sozialpolitik|Land- und Forstwirtschaft, Fischerei|Strafrecht|diplomatische Beziehungen|Geschäftsordnung des Parlaments|Menschenrechte|Verwaltungskontrolle|Abfall|Abfallwirtschaft|Umwelt|diplomatische Beziehungen|Menschenrechte|Verwaltungskontrolle	Tiermedizin|Tierschutz|Verwaltungsrecht|Gesundheit|Tabak|Gerichtswesen|Steuerwesen|Informatik|Information und Informationsverarbeitung|Verfassung|Informatik|Information und Informationsverarbeitung|Einkommen|Finanzwesen|Verwaltung und Entlohnung des Personals|Umwelt|Verfassung|Wasserbewirtschaftung|Steuerwesen|Handel|Industrie|Informatik|Information und Informationsverarbeitung|Unternehmen und Wettbewerb|Informatik|Information und Informationsverarbeitung|öffentliche Sicherheit|öffentliche Verwaltung|öffentlicher Dienst|Verfassung|Verwaltungskontrolle|Arbeitsrecht|Steuerwesen|Verwaltungskontrolle|Strafrecht|Abfall|Abfallwirtschaft|Umwelt|diplomatische Beziehungen|Menschenrechte|Verwaltungskontrolle	Politische Partei|Vereinsleben|Versammlungsfreiheit|Wahl|direkt gewählte Kammer|Öffentliche Finanzen und Haushaltspolitik|Verfassung|Politische Partei|Einkommen|Finanzwesen|Verwaltung und Entlohnung des Personals|Bildung|Organisation des Unterrichtswesens|Abfall|Abfallwirtschaft|Bildung|Organisation des Unterrichtswesens|Wohnungspolitik|diplomatische Beziehungen|soziale Sicherheit|Frau|Gleichbehandlung|Politische Partei|Land- und Forstwirtschaft, Fischerei|Umwelt|Bildung|Organisation des Unterrichtswesens|Sekundarstufe|Verteidigung
2019-06-13		Schienentransport|Handel|Industrie|Unternehmen und Wettbewerb|Straßenverkehr|Straßenverkehr	Arbeitsrecht|Strafrecht|Bürgerliches Recht	Energie|Umwelt|Strafrecht|Wohnungspolitik	Schienentransport|Handel|Industrie|Unternehmen und Wettbewerb|Straßenverkehr|Bildung|Organisation des Unterrichtswesens|Wahl|Steuerwesen|Straßenverkehr|Strafrecht|Bildung|Organisation des Unterrichtswesens	Schienentransport|Handel|Industrie|Unternehmen und Wettbewerb|Verfassung|Wasserbewirtschaftung|Straßenverkehr|Straßenverkehr|Politische Partei
2019-06-25		Bildung|Organisation des Unterrichtswesens				Bildung|Organisation des Unterrichtswesens
2019-07-01		Arbeitsrecht|Strafrecht			Arbeitsrecht|Strafrecht	Arbeitsrecht|Strafrecht
2019-07-02	Strafrecht	Tiermedizin|Tierschutz|Bauindustrie und öffentliches Bauwesen|Baupolitik|Kulturpolitik|Kunst|Elektrizitätsindustrie|Verfassung|Tiermedizin|Tierschutz|Tiermedizin|Tierschutz|Energie|Verfassung|Apotheke|Einkommen|Verwaltung und Entlohnung des Personals|Tiermedizin|Tierschutz|namentliche Abstimmung|Öffentliche Finanzen und Haushaltspolitik|Verfassung|Primarstufe|Sport	Wohnungspolitik|Elektrizitätsindustrie|Verfassung|Land- und Forstwirtschaft, Fischerei|Öffentlicher Sektor|Umwelt|Forschung und geistiges Eigentum|Land- und Forstwirtschaft, Fischerei|Umwelt|Wissenschaften|Bürgerliches Recht|Personenstand|Umwelt|Umwelt|Verfassung|Energie|Verfassung|Statistik|ausländischer Staatsangehöriger|Sozialpolitik|junger Mensch|Vereinte Nationen|Völkerrecht|Öffentliche Finanzen und Haushaltspolitik|Staatsangehöriger|Exekutive|Strafrecht|namentliche Abstimmung|Öffentliche Finanzen und Haushaltspolitik|Verfassung|Steuerwesen|Umwelt|Steuerwesen|Exekutive|öffentliche Verwaltung|öffentlicher Dienst|Politische Partei	Steuerwesen|Umwelt|Umwelt|Museum|Steuerwesen|Umwelt|Energie|Verfassung|Energie|Umwelt|junger Mensch|Vereinte Nationen|Völkerrecht|Öffentliche Finanzen und Haushaltspolitik|Exekutive|Strafrecht|Europäische Union|Umwelt|Exekutive|öffentliche Verwaltung|öffentlicher Dienst|Politische Partei	Agrarerzeugnisse und Lebensmittel|Elektrizitätsindustrie|Verfassung|Museum|Beschäftigung und Arbeitsbedingungen|Öffentliche Finanzen und Haushaltspolitik|Handel|Industrie|Unternehmen und Wettbewerb|Vereinsleben|Versammlungsfreiheit|Umwelt|junger Mensch|Sport|Flüchtling|junger Mensch|Familie|Gesundheit|Land- und Forstwirtschaft, Fischerei|Elektrizitätsindustrie|junger Mensch|Vereinte Nationen|Völkerrecht|Apotheke|Einkommen|Verwaltung und Entlohnung des Personals|Beschäftigung und Arbeitsbedingungen|Elektrizitätsindustrie|Energie|Umwelt|Exekutive|Strafrecht|Exekutive|öffentliche Verwaltung|öffentlicher Dienst|Politische Partei|Arbeitsrecht|Arbeitsrecht	Bauindustrie und öffentliches Bauwesen|Baupolitik|Kulturpolitik|Kunst|Elektrizitätsindustrie|Verfassung|Opferhilfe|Staatsangehöriger|Umwelt|Gesundheit|Energie|Verfassung|Apotheke|Einkommen|Verwaltung und Entlohnung des Personals|namentliche Abstimmung|Öffentliche Finanzen und Haushaltspolitik|Verfassung|Primarstufe|Sport
2019-07-03		Altersversorgungssystem|Öffentlicher Sektor|Bürgerliches Recht|Familie|Steuerwesen|Einkommen|Verwaltung und Entlohnung des Personals|Gesundheit|öffentliche Sicherheit|Strafrecht|Steuerwesen|Steuerwesen|Verwaltungsorganisation|Verwaltungsreform|Frau|Gleichbehandlung|Öffentliche Finanzen und Haushaltspolitik|Handel|Industrie|Unternehmen und Wettbewerb|Vereinsleben|Versammlungsfreiheit|Internationale Beziehungen|Kulturpolitik|Kunst|öffentliche Verwaltung|öffentlicher Dienst|Exekutive|Vereinsleben|Versammlungsfreiheit|Verteidigung|Bauindustrie und öffentliches Bauwesen|Baupolitik|Wohnungspolitik|Schienentransport|Umwelt|Verkehr|Umwelt|Verkehr|Öffentlicher Sektor|Bauindustrie und öffentliches Bauwesen|Baupolitik|Energie|Bauindustrie und öffentliches Bauwesen|Baupolitik|Energie|Umwelt|Straßenverkehr|Straßenverkehr	öffentliche Sicherheit|Strafrecht|Exekutive|öffentliche Sicherheit|öffentliche Verwaltung|öffentlicher Dienst|Gerichtswesen|öffentliche Sicherheit|öffentliche Sicherheit|Strafrecht|öffentliche Sicherheit|Grenze|ausländischer Staatsangehöriger|Sozialpolitik|Wohnungspolitik|Informatik|Information und Informationsverarbeitung|Verwaltungsreform|Bauindustrie und öffentliches Bauwesen|Baupolitik|Energie|Exekutive|öffentliche Verwaltung|öffentlicher Dienst|Politische Partei|Straßenverkehr	Steuerwesen|Bürgerliches Recht|öffentliche Verwaltung|öffentlicher Dienst|Informatik|Information und Informationsverarbeitung|Verwaltungsreform|Bauindustrie und öffentliches Bauwesen|Baupolitik|Energie|Umwelt|Exekutive|öffentliche Verwaltung|öffentlicher Dienst|Politische Partei	Altersversorgungssystem|Öffentlicher Sektor|Einkommen|Verwaltung und Entlohnung des Personals|Presse|Tiermedizin|Tierschutz|Wohnungspolitik|öffentliche Verwaltung|öffentlicher Dienst|Informatik|Information und Informationsverarbeitung|Verwaltungsreform|Verteidigung|Schienentransport|Umwelt|Verkehr|Bauindustrie und öffentliches Bauwesen|Baupolitik|Energie|Umwelt|Behinderter|Internet|Exekutive|öffentliche Verwaltung|öffentlicher Dienst|Politische Partei|Straßenverkehr	Bürgerliches Recht|Familie|Steuerwesen|Gesundheit|öffentliche Sicherheit|Strafrecht|Steuerwesen|Steuerwesen|Verwaltungsorganisation|Verwaltungsreform|Frau|Gleichbehandlung|Öffentliche Finanzen und Haushaltspolitik|öffentliche Verwaltung|öffentlicher Dienst|Bauindustrie und öffentliches Bauwesen|Baupolitik|öffentliche Verwaltung|öffentlicher Dienst|Bauindustrie und öffentliches Bauwesen|Baupolitik|Wohnungspolitik|Schienentransport|Umwelt|Verkehr|Exekutive|Politische Partei|Öffentliche Finanzen und Haushaltspolitik|Verteidigung|Umwelt|Verkehr|Öffentlicher Sektor|Bauindustrie und öffentliches Bauwesen|Baupolitik|Energie|Straßenverkehr|Straßenverkehr
2019-09-19	Beschäftigung und Arbeitsbedingungen|Flüchtling	Altersversorgungssystem|Bildung|Organisation des Unterrichtswesens|Religion|öffentliche Sicherheit|Religion|Internationale Beziehungen|Bürgerliches Recht|Personenstand|Handel|Industrie|Unternehmen und Wettbewerb|Vereinsleben|Versammlungsfreiheit|Handel|Industrie|Tabak|Unternehmen und Wettbewerb|Gesundheit|diplomatische Beziehungen|Staatsangehöriger|Behinderter|Steuerwesen|Straßenverkehr|Handel|Industrie|Unternehmen und Wettbewerb|Vereinsleben|Versammlungsfreiheit|Staatsangehöriger|Trentino-Südtirol|Land- und Forstwirtschaft, Fischerei|Umwelt	Politische Partei|Verfassung|Wahl|Haushaltskontrolle|Politische Partei|Primarstufe|Öffentlicher Sektor|Politische Partei|Gerichtswesen|Strafrecht|Politische Partei|Wahl|Politische Partei|Strafrecht|Politische Partei|Elektrizitätsindustrie|Politische Partei|Wahl|Flüchtling|öffentliche Verwaltung|öffentlicher Dienst|Öffentlicher Sektor|Politische Partei|Politische Partei|Wahl|Glücksspiel|ehrende Auszeichnung|öffentliche Verwaltung|öffentlicher Dienst|Strafrecht|Bildung|Organisation des Unterrichtswesens|Politische Partei|Politische Partei|Strafrecht|diplomatische Beziehungen|Staatsangehöriger|Beschäftigung und Arbeitsbedingungen|Flüchtling|Öffentliche Finanzen und Haushaltspolitik|Umwelt	diplomatische Beziehungen|Staatsangehöriger|Öffentliche Finanzen und Haushaltspolitik|Umwelt|Exekutive|öffentliche Verwaltung|öffentlicher Dienst|Politische Partei	Betreuung von Pflegebedürftigen|Familie|Krankenpflege|Gesundheit|Straßenverkehr|Menschenrechte|Wohnungspolitik|Abfall|Abfallwirtschaft|Umwelt|Arbeitsrecht|Handel|Industrie|Unternehmen und Wettbewerb|Vereinsleben|Versammlungsfreiheit|Arbeitsrecht|Beschäftigung und Arbeitsbedingungen|Flüchtling|diplomatische Beziehungen|Staatsangehöriger|Altersversorgungssystem|Familie|Frau|Gleichbehandlung|Handel|Industrie|Unternehmen und Wettbewerb|Vereinsleben|Versammlungsfreiheit|Öffentliche Finanzen und Haushaltspolitik|Umwelt|Politische Partei	Straßenverkehr|Religion|Vereinsleben|Versammlungsfreiheit|öffentliche Sicherheit|Vereinsleben|Verfassung|Versammlungsfreiheit|Wohnungspolitik|diplomatische Beziehungen|Staatsangehöriger|Öffentliche Finanzen und Haushaltspolitik|Umwelt|Beschäftigung und Arbeitsbedingungen|Flüchtling|Staatsangehöriger|Trentino-Südtirol
2019-09-25	Energie|Energie	Altersversorgungssystem|öffentliche Verwaltung|öffentlicher Dienst|namentliche Abstimmung|Abfall|Abfallwirtschaft|Umwelt|Bildung|Frau|Gleichbehandlung|junger Mensch|öffentliche Verwaltung|öffentlicher Dienst|Organisation des Unterrichtswesens|Religion|Altersversorgungssystem|öffentliche Verwaltung|öffentlicher Dienst|Elektrizitäts- und Kernkraftindustrie|Tiermedizin|Tierschutz|öffentliche Sicherheit|Religion|Vereinsleben|Versammlungsfreiheit|Frau|Gleichbehandlung|Öffentliche Finanzen und Haushaltspolitik|Bürgerliches Recht|Gerichtswesen|Strafrecht	namentliche Abstimmung|Informatik|Information und Informationsverarbeitung|öffentliche Verwaltung|öffentlicher Dienst|Öffentliche Finanzen und Haushaltspolitik|Umwelt|Gerichtswesen|Strafrecht|Elektrizitäts- und Kernkraftindustrie|Energie	Staatsangehöriger|Europäische Union|Staatsangehöriger|Öffentliche Finanzen und Haushaltspolitik|Umwelt|Gerichtswesen|Öffentliche Finanzen und Haushaltspolitik|Strafrecht|Elektrizitäts- und Kernkraftindustrie|öffentliche Sicherheit|Religion|Vereinsleben|Versammlungsfreiheit|öffentliche Sicherheit|Vereinsleben|Versammlungsfreiheit|Wasser|Wasserbewirtschaftung	Öffentliche Finanzen und Haushaltspolitik|Umwelt|Gerichtswesen|Öffentliche Finanzen und Haushaltspolitik|Strafrecht|Elektrizitäts- und Kernkraftindustrie|Land- und Forstwirtschaft, Fischerei|öffentliches Eigentum|Raumordnung|Umwelt|Frau|Gleichbehandlung|junger Mensch|Opferhilfe|Altersversorgungssystem|Föderalismus|öffentliche Sicherheit|Religion|Tiermedizin|Tierschutz|Tiermedizin|Tierschutz|Gerichtswesen|öffentliche Sicherheit|Tiermedizin|Tierschutz|Wasser|Wasserbewirtschaftung	namentliche Abstimmung|öffentliche Sicherheit|Religion|Bildung|Frau|Gleichbehandlung|junger Mensch|öffentliche Verwaltung|öffentlicher Dienst|Organisation des Unterrichtswesens|Religion|Elektrizitäts- und Kernkraftindustrie|Öffentliche Finanzen und Haushaltspolitik|Umwelt|Informatik|Information und Informationsverarbeitung|öffentliche Sicherheit|Europäische Union|Tiermedizin|Tierschutz|Altersversorgungssystem|öffentliche Sicherheit|Religion|Vereinsleben|Versammlungsfreiheit|Bürgerliches Recht|Gerichtswesen|Strafrecht
2019-09-26		Bauindustrie und öffentliches Bauwesen|Baupolitik			Europäische Union|Land- und Forstwirtschaft, Fischerei|Umwelt	
