Datum	B	F	G	S	V
2006-10-30		Verteidigung	Bildung|Gesetzgebungsverfahren|Organisation des Unterrichtswesens|Primarstufe|Bürgerliches Recht|Gesetzgebungsverfahren|Personenstand|Sekundarstufe|Politische Partei|Wahl|Gesetzgebungsverfahren|Gesundheit|Umwelt|Gesetzgebungsverfahren|Kulturpolitik|Kunst|soziale Sicherheit|Gesetzgebungsverfahren|Verfassung|Politik der Zusammenarbeit|Arbeitslosenversicherung|Gesetzgebungsverfahren|Bürgerliches Recht|Arbeitslosenversicherung|Einkommen|Sozialpolitik|Verwaltung und Entlohnung des Personals|junger Mensch|Wahl|Politische Partei|Gesetzgebungsverfahren|Hochschulausbildung|Wahl|Verteidigung|Bildung|Öffentliche Finanzen und Haushaltspolitik|Organisation des Unterrichtswesens|Verteidigung	Finanzwesen|Sport|Verteidigung	Umwelt
2006-11-17	soziale Sicherheit|Sozialpolitik|Bildung|Gesetzgebungsverfahren|Organisation des Unterrichtswesens|soziale Sicherheit|Frau|Gesetzgebungsverfahren|Gleichbehandlung|Sozialpolitik|soziale Sicherheit|soziale Sicherheit|Elektrizitäts- und Kernkraftindustrie|Völkerrecht|Familie|Gesetzgebungsverfahren|Sozialpolitik|Beschäftigung und Arbeitsbedingungen|Gesetzgebungsverfahren|Steuerwesen	Öffentliche Finanzen und Haushaltspolitik|Parlamentsdebatte|soziale Sicherheit|Elektrizitäts- und Kernkraftindustrie|Völkerrecht|Familie|soziale Sicherheit|soziale Sicherheit|soziale Sicherheit|soziale Sicherheit|Sozialpolitik|Gesundheit|soziale Sicherheit|Sozialpolitik|soziale Sicherheit|direkt gewählte Kammer	Politische Partei|Wahl|Gesetzgebungsverfahren|Land- und Forstwirtschaft, Fischerei|Elektrizitäts- und Kernkraftindustrie|Völkerrecht|soziale Sicherheit|soziale Sicherheit|Sozialpolitik	Elektrizitäts- und Kernkraftindustrie|Völkerrecht|soziale Sicherheit|soziale Sicherheit	soziale Sicherheit|Sozialpolitik|soziale Sicherheit|Elektrizitäts- und Kernkraftindustrie|Völkerrecht|Arbeitsrecht|Gesundheit|Sozialpolitik|Verwaltungsrecht|Beschäftigung und Arbeitsbedingungen|soziale Sicherheit
2006-11-28				soziale Sicherheit|Sozialpolitik	soziale Sicherheit|Sozialpolitik
2006-11-29	Familienleistungsausgleich|junger Mensch|soziale Sicherheit	Bürgerliches Recht|Gesetzgebungsverfahren|Elektrizitäts- und Kernkraftindustrie|Europäische Union|Forschung und geistiges Eigentum|Wissenschaften|Straßenverkehr|Straßenverkehr|Salz|Straßenverkehr|Umwelt|Gesundheit|Steuerwesen|Tabak|soziale Sicherheit|Gesetzgebungsverfahren|Wahl|soziale Sicherheit|soziale Sicherheit	Behinderter|Gesetzgebungsverfahren|Energie|Wohnungspolitik|Land- und Forstwirtschaft, Fischerei|junger Mensch|Verfassung|Gesetzgebungsverfahren|Straßenverkehr|Frau|Gleichbehandlung|Politische Partei|Handel|Industrie|Unternehmen und Wettbewerb|soziale Sicherheit|Sozialpolitik|Behinderter|Bergbau|Behinderter|Handel|Industrie|Unternehmen und Wettbewerb|Behinderter|soziale Sicherheit|Sozialpolitik|Gesetzgebungsverfahren|Verkehr|soziale Sicherheit|soziale Sicherheit	Bergbau|Gesetzgebungsverfahren|Handel|Industrie|Unternehmen und Wettbewerb|Agrarerzeugnisse und Lebensmittel|Geschäftsordnung des Parlaments|Haushaltskontrolle|Straßen- und Brückenbau|Unternehmensarten	
2006-12-14	Haushaltsplan|öffentliche Verwaltung|öffentlicher Dienst|Finanzwesen|Handel|Industrie|Unternehmen und Wettbewerb|Steuerwesen	Haushaltsplan|öffentliche Verwaltung|öffentlicher Dienst|Straßenverkehr|Post- und Fernmeldewesen|Sozialpolitik|Verwaltungsrecht|Gesundheit|Steuerwesen|Handel|Industrie|Straßenverkehr|Unternehmen und Wettbewerb	Familie|Umwelt|Schienentransport|Haushaltsplan|öffentliche Verwaltung|öffentlicher Dienst|Agrarerzeugnisse und Lebensmittel|Handel|Industrie|Unternehmen und Wettbewerb|Forschung und geistiges Eigentum|Wissenschaften|Öffentliche Finanzen und Haushaltspolitik|öffentliche Sicherheit|Forschung und geistiges Eigentum|Frau|Gleichbehandlung|Wissenschaften|ausländischer Staatsangehöriger|Familie|Familienleistungsausgleich|Handel|Industrie|Unternehmen und Wettbewerb|Gesundheit	Haushaltsplan|öffentliche Verwaltung|öffentlicher Dienst|Wohnungspolitik|Gesetzgebungsverfahren|Land- und Forstwirtschaft, Fischerei|öffentliche Sicherheit|Sport|Handel|Industrie|Unternehmen und Wettbewerb|ausländischer Staatsangehöriger|Familie|Familienleistungsausgleich	Haushaltsplan|öffentliche Verwaltung|öffentlicher Dienst|Finanzwesen|ausländischer Staatsangehöriger|Familie|Familienleistungsausgleich|Handel|Industrie|Unternehmen und Wettbewerb
2006-12-15	Schienentransport|ausländischer Staatsangehöriger|Familie|Familienleistungsausgleich|Sozialpolitik	Schienentransport|ausländischer Staatsangehöriger|ausländischer Staatsangehöriger|Sozialpolitik|soziale Sicherheit|soziale Sicherheit	Exekutive|Misstrauensantrag|Familie|Familienleistungsausgleich	Schienentransport|Notar|Rechtsanwalt|Strafrecht|Sozialpolitik	Schienentransport|Sozialpolitik
2007-01-16	Exekutive|Haushaltskontrolle|junger Mensch|Steuerwesen|Verwaltungskontrolle|Zweite Kammer|Parlamentarier|Politische Partei|Wahl|soziale Sicherheit|Verteidigung	Bildung|Filmindustrie|Organisation des Unterrichtswesens|soziale Sicherheit|Hochschulausbildung|namentliche Abstimmung	ethnische Gruppe|Gesundheit|soziale Sicherheit|Finanzwesen|internationales Abkommen|Menschenrechte|Föderalismus|Gliedstaat|soziale Sicherheit|Hochschulausbildung|namentliche Abstimmung|Umwelt|Verkehr	direkt gewählte Kammer|Exekutive|Verfassung|Zweite Kammer|Exekutive|Exekutive	direkt gewählte Kammer|Exekutive|Verfassung|Zweite Kammer|Exekutive|Exekutive
2007-01-30	Apotheke|Steuerwesen|Elektrizitäts- und Kernkraftindustrie|Umwelt|Informatik|Information und Informationsverarbeitung|öffentliche Sicherheit|Strafrecht|Bauindustrie und öffentliches Bauwesen|Baupolitik|Kulturpolitik|Kunst|Raumordnung	Informatik|Information und Informationsverarbeitung|öffentliche Sicherheit|Strafrecht|Tiermedizin|Tierschutz|ethnische Gruppe|ausländischer Staatsangehöriger|Exekutive|Handel|Industrie|Tourismus|Unternehmen und Wettbewerb|Bauindustrie und öffentliches Bauwesen|Baupolitik|Kulturpolitik|Kunst|Raumordnung	Handel|Industrie|Unternehmen und Wettbewerb|Bauindustrie und öffentliches Bauwesen|Baupolitik|Behinderter|Gliedstaat|öffentliche Verwaltung|öffentlicher Dienst|Verteidigung|Wohnungspolitik|Zivildienst|Informatik|Information und Informationsverarbeitung|öffentliche Sicherheit|Strafrecht|Tourismus|Umwelt|junger Mensch|Ausweis|Behinderter|Behinderter|Bauindustrie und öffentliches Bauwesen|Baupolitik|Umwelt|Verkehr|soziale Sicherheit|Straßenverkehr|Gesundheit|junger Mensch|Behinderter|Öffentliche Finanzen und Haushaltspolitik|Schienentransport|Exekutive|Forschung und geistiges Eigentum|Verwaltungsorganisation|Wissenschaften	Elektrizitätsindustrie|Informatik|Information und Informationsverarbeitung|öffentliche Sicherheit|Strafrecht|Hochschulausbildung|Wahl|Bauindustrie und öffentliches Bauwesen|Baupolitik|Kulturpolitik|Kunst|Raumordnung	Elektrizitätsindustrie|Informatik|Information und Informationsverarbeitung|öffentliche Sicherheit|Strafrecht|Hochschulausbildung|Wahl|Bauindustrie und öffentliches Bauwesen|Baupolitik|Kulturpolitik|Kunst|Raumordnung
2007-03-07	Agrarerzeugnisse und Lebensmittel|Tourismus|ethnische Gruppe|Handel|Industrie|Unternehmen und Wettbewerb|Abfall|Abfallwirtschaft|Handel|Industrie|Unternehmen und Wettbewerb|Kulturpolitik|Kunst|völkerrechtliche Verantwortlichkeit|soziale Sicherheit	Umwelt|Forschung und geistiges Eigentum|Wissenschaften|Arbeitslosenversicherung|Flüchtling|Behinderter|Steuerwesen|Handel|Industrie|Tourismus|Unternehmen und Wettbewerb|Verwaltungsrecht|Land- und Forstwirtschaft, Fischerei|soziale Sicherheit|Verfassung|Bauindustrie und öffentliches Bauwesen|Baupolitik|Energie|Handel|Industrie|Steuerwesen|Umwelt|Unternehmen und Wettbewerb|Elektrizitätsindustrie|Hochschulausbildung|Wahl|Verwaltungsorganisation|Kulturpolitik|Kunst|völkerrechtliche Verantwortlichkeit|Europäische Union|Europäische Union|Europäische Union|ethnische Gruppe|Europäische Union|Elektrizitäts- und Kernkraftindustrie|Bauindustrie und öffentliches Bauwesen|Baupolitik|Energie|Handel|Industrie|Umwelt|Unternehmen und Wettbewerb|Hochschulausbildung|Umwelt	Handel|Industrie|Unternehmen und Wettbewerb|Tiermedizin|Tierschutz|Wohnungspolitik|ausländischer Staatsangehöriger|öffentliche Sicherheit|öffentliche Verwaltung|öffentlicher Dienst|Strafrecht|Bürgerliches Recht|Behinderter|Steuerwesen|Museum|Land- und Forstwirtschaft, Fischerei|Behinderter|Beschäftigung und Arbeitsbedingungen|Ausweis|Behinderter|Straßenverkehr|ausländischer Staatsangehöriger|Beschäftigung und Arbeitsbedingungen|Einkommen|Familie|Frau|Gleichbehandlung|öffentliche Verwaltung|öffentlicher Dienst|Parlamentsdebatte|Verwaltung und Entlohnung des Personals|Tiermedizin|Tierschutz|Bauindustrie und öffentliches Bauwesen|Baupolitik|Steuerwesen|Umwelt|Verkehr|Agrarerzeugnisse und Lebensmittel|Gesetzgebungsverfahren|Strafrecht|Steuerwesen|Gesetzgebungsverfahren|Strafrecht|Abfall|Abfallwirtschaft|Handel|Industrie|Unternehmen und Wettbewerb|Wohnungspolitik|Kulturpolitik|Kunst|völkerrechtliche Verantwortlichkeit|Agrarerzeugnisse und Lebensmittel|Wohnungspolitik|Hochschulausbildung|Europäische Union|Sozialpolitik|Umwelt|Energie|Europäische Union	Bildung|Gesundheit|Organisation des Unterrichtswesens|Tourismus|Familie|Handel|Industrie|Luftverkehr|Preis|Unternehmen und Wettbewerb|Elektrizitätsindustrie|Handel|Industrie|Unternehmen und Wettbewerb|Abfall|Abfallwirtschaft|Handel|Industrie|Unternehmen und Wettbewerb|Kulturpolitik|Kunst|völkerrechtliche Verantwortlichkeit|Bildung|Organisation des Unterrichtswesens|Sport|Europäische Union|Steuerwesen	Bildung|Gesundheit|Organisation des Unterrichtswesens|Tourismus|Familie|Handel|Industrie|Luftverkehr|Preis|Unternehmen und Wettbewerb|Elektrizitätsindustrie|Handel|Industrie|Unternehmen und Wettbewerb|Abfall|Abfallwirtschaft|Handel|Industrie|Unternehmen und Wettbewerb|Kulturpolitik|Kunst|völkerrechtliche Verantwortlichkeit|Bildung|Organisation des Unterrichtswesens|Sport|Europäische Union|Steuerwesen
2007-03-22	öffentliche Sicherheit|öffentliche Verwaltung|öffentlicher Dienst|Parlamentsdebatte|öffentliches Eigentum|Strafrecht|junger Mensch|Strafrecht|junger Mensch|Strafrecht|Grenze|öffentliche Sicherheit|Sport|Informatik|Information und Informationsverarbeitung|junger Mensch|Strafrecht	Europäische Union|Grenze|Behinderter|Gesetzgebungsverfahren|Steuerwesen|Agrarerzeugnisse und Lebensmittel|Flüchtling|Behinderter|Gerichtswesen|Familienleistungsausgleich|Steuerwesen|Steuerwesen|Flüchtling|öffentliche Sicherheit|Strafrecht|Europäische Union|Grenze|öffentliche Sicherheit|öffentliche Verwaltung|öffentlicher Dienst	Agrarerzeugnisse und Lebensmittel|Gesundheit|Land- und Forstwirtschaft, Fischerei|Behinderter|Steuerwesen|Bildung|Organisation des Unterrichtswesens|Europäische Union	Europäische Union|Gerichtswesen|Statistik|Strafrecht	ethnische Gruppe|Europäische Union|Gerichtswesen|Statistik|Strafrecht
2007-03-29	Steuerwesen|Behinderter|Steuerwesen|Ausweis|Behinderter|Gesundheit|Straßenverkehr|Finanzwesen|Familie|Familie|Familie	Straßen- und Brückenbau|Behinderter|Behinderter|Steuerwesen|Finanzwesen|Abfall|Abfallwirtschaft|Umwelt|ethnische Gruppe|Internationale Beziehungen|völkerrechtliche Verantwortlichkeit	Sekundarstufe|Gesundheit|Post- und Fernmeldewesen|Umwelt|Menschenrechte|Europäische Union|Internationale Beziehungen|Finanzwesen	internationales Arbeitsrecht|Sport|Finanzwesen	Finanzwesen
2007-03-30		Behinderter|Straßenverkehr|Familie|Familie|Arbeitsrecht|Familie			
2007-04-24	Steuerwesen|Steuerwesen|Exekutive|Familie|Misstrauensantrag|Politische Partei|Steuerwesen	Finanzwesen|Öffentliche Finanzen und Haushaltspolitik	Elektrizitätsindustrie|Ausbildungsbeihilfe	Handel|Industrie|Unternehmen und Wettbewerb|Hochschulausbildung	Hochschulausbildung
2007-04-25	Exekutive|Misstrauensantrag|Arbeitsrecht|öffentliche Verwaltung|öffentlicher Dienst|Strafrecht|öffentliche Verwaltung|öffentlicher Dienst|Verteidigung|Arbeitsrecht|Geschäftsordnung des Parlaments|öffentliche Verwaltung|öffentlicher Dienst|Strafrecht	Energie|Öffentliche Finanzen und Haushaltspolitik|Wohnungspolitik|Abfall|Abfallwirtschaft|Umwelt|Steuerwesen|Energie|Straßenverkehr|Steuerwesen|Gerichtswesen|Gliedstaat|Verfassung|Verfassungsgerichtsbarkeit|Verwaltungsgerichtsbarkeit|Gerichtswesen|Verfassungsgerichtsbarkeit|Verwaltungsgerichtsbarkeit|Arbeitsrecht|öffentliche Verwaltung|öffentlicher Dienst|Strafrecht|Öffentliche Finanzen und Haushaltspolitik|Opferhilfe|direkt gewählte Kammer|Verteidigung|öffentliche Verwaltung|öffentlicher Dienst|Sozialpolitik|Verteidigung		Sekundarstufe|Arbeitsrecht|öffentliche Verwaltung|öffentlicher Dienst|Strafrecht	Sekundarstufe|Arbeitsrecht|öffentliche Verwaltung|öffentlicher Dienst|Strafrecht
2007-04-26	Straßenverkehr|Schienentransport|Kulturpolitik|Kunst|Forschung und geistiges Eigentum|Wissenschaften|Finanzwesen|Familie|Steuerwesen|Öffentliche Finanzen und Haushaltspolitik|Politik der Zusammenarbeit|Gliedstaat|junger Mensch|Sozialpolitik|Schienentransport|Straßenverkehr	Familie|Steuerwesen|Raumordnung|Straßenverkehr|ethnische Gruppe|Europäische Union|Preis|Steuerwesen|Straßenverkehr	junger Mensch		
2007-04-27	Familienleistungsausgleich|junger Mensch|Familienleistungsausgleich|junger Mensch|Geschäftsordnung des Parlaments|Vereinsleben|Versammlungsfreiheit|Bildung|Organisation des Unterrichtswesens|Sekundarstufe	Handel|Industrie|Straßenverkehr|Unternehmen und Wettbewerb|Bürgerliches Recht|Handel|Industrie|Tourismus|Unternehmen und Wettbewerb|soziale Sicherheit|Kulturpolitik|Kunst|Kulturpolitik|Kunst	ausländischer Staatsangehöriger|Verfassung|Wahl|Politische Partei|Verfassung|Wahl|Bildung|Gliedstaat|Organisation des Unterrichtswesens|Bildung|Organisation des Unterrichtswesens	Gesundheit|junger Mensch|Bildung|Organisation des Unterrichtswesens	Gesundheit|junger Mensch|Bildung|Organisation des Unterrichtswesens
2007-05-03	Vereinsleben|Versammlungsfreiheit|Steuerwesen|Erwachsenenbildung|Sekundarstufe|Verfassung|Verwaltungskontrolle|Flüchtling|öffentliche Sicherheit|öffentliche Verwaltung|öffentlicher Dienst|Familie|Steuerwesen|Steuerwesen|Wirtschaft|Post- und Fernmeldewesen|Finanzwesen|junger Mensch|Sozialpolitik|Bildung|Organisation des Unterrichtswesens|ausländischer Staatsangehöriger|Flüchtling|ausländischer Staatsangehöriger|Flüchtling|Verwaltungsrecht|Finanzwesen|Informatik|Information und Informationsverarbeitung|Luftverkehr|öffentliche Sicherheit|öffentliche Verwaltung|öffentlicher Dienst|Energie|Gliedstaat|Öffentliche Finanzen und Haushaltspolitik|Wohnungspolitik	Flüchtling|öffentliche Sicherheit|Strafrecht|öffentliche Sicherheit|öffentliche Verwaltung|öffentlicher Dienst|Exekutive|Misstrauensantrag|Finanzwesen|Öffentliche Finanzen und Haushaltspolitik|Finanzwesen|Informatik|Information und Informationsverarbeitung|Luftverkehr	Agrarerzeugnisse und Lebensmittel|Gesetzgebungsverfahren|Gesundheit|Wasser|Wasserbewirtschaftung|Europäische Union|Wirtschaft|Europäische Union|Gliedstaat|Land- und Forstwirtschaft, Fischerei|Raumordnung|Finanzwesen|Informatik|Information und Informationsverarbeitung|Luftverkehr	Steuerwesen|Verfassung|Wahl|Finanzwesen|Informatik|Information und Informationsverarbeitung|Luftverkehr	Steuerwesen|Verfassung|Wahl|Finanzwesen|Informatik|Information und Informationsverarbeitung|Luftverkehr
2007-05-24				Informatik|Information und Informationsverarbeitung|Wahl|Politische Partei|Wahl|Behinderter|Wahl	Informatik|Information und Informationsverarbeitung|Wahl|Politische Partei|Wahl|Behinderter|Wahl
2007-06-05	Europäische Union|Internationale Beziehungen|partizipative Demokratie|Verfassung|Bildung|Organisation des Unterrichtswesens|Politische Partei|Wahl|Europäische Union|Sport	Luftverkehr|Sekundarstufe|Steuerwesen|Bildung|öffentliche Verwaltung|öffentlicher Dienst|Organisation des Unterrichtswesens|Politische Partei|Umwelt|Energie|Öffentliche Finanzen und Haushaltspolitik|Wohnungspolitik|Elektrizitäts- und Kernkraftindustrie|Steuerwesen	Behinderter|Handel|Industrie|Tiermedizin|Tierschutz|Unternehmen und Wettbewerb|See- und Binnenschiffsverkehr|Sport|Umwelt|Agrarerzeugnisse und Lebensmittel|Gesundheit|Land- und Forstwirtschaft, Fischerei|Bibliothek|öffentliche Verwaltung|öffentlicher Dienst|Statistik|Strafrecht|Energie|Kulturpolitik|Kunst|Museum|Preis|Arbeitslosenversicherung|Politik der Zusammenarbeit|Forschung und geistiges Eigentum|Steuerwesen|Umwelt|Verwaltungsorganisation|Wissenschaften|Versicherungswesen	ethnische Gruppe|Abfall|Abfallwirtschaft	Arbeitsrecht|Gesundheit|Sozialpolitik|Verwaltungsrecht|Abfall|Abfallwirtschaft
2007-06-06	Familienleistungsausgleich|junger Mensch|Gesundheit|Handel|Industrie|junger Mensch|Steuerwesen|Unternehmen und Wettbewerb|Öffentliche Finanzen und Haushaltspolitik|Tourismus|Tourismus|Bildung|Gesundheit|Gliedstaat|Handel|Industrie|junger Mensch|Organisation des Unterrichtswesens|Steuerwesen|Unternehmen und Wettbewerb|Familienleistungsausgleich|Gliedstaat|junger Mensch	ethnische Gruppe|Elektrizitätsindustrie|Elektrizitäts- und Kernkraftindustrie|Europäische Union|Währungsbeziehungen|Öffentliche Finanzen und Haushaltspolitik|Tourismus|Bauindustrie und öffentliches Bauwesen|Baupolitik|Religion|Tourismus|Religion|ausländischer Staatsangehöriger|Ausweis|Personenstand|soziale Sicherheit|soziale Sicherheit|soziale Sicherheit	Forschung und geistiges Eigentum|Hochschulausbildung|Land- und Forstwirtschaft, Fischerei|Wissenschaften|Öffentliche Finanzen und Haushaltspolitik|Tourismus|Forschung und geistiges Eigentum|Hochschulausbildung|Land- und Forstwirtschaft, Fischerei|Wissenschaften|Behinderter|Gesundheit|soziale Sicherheit|Tourismus|soziale Sicherheit	soziale Sicherheit|Handel|Industrie|Unternehmen und Wettbewerb|öffentliche Verwaltung|öffentlicher Dienst|Vereinfachung der Rechtsvorschriften|Finanzwesen|Behinderter|Gesundheit|soziale Sicherheit|Öffentliche Finanzen und Haushaltspolitik|Tourismus|Tourismus	Handel|Industrie|Unternehmen und Wettbewerb|öffentliche Verwaltung|öffentlicher Dienst|Vereinfachung der Rechtsvorschriften|Finanzwesen
2007-06-20	Tourismus	Tourismus	Tourismus	Tourismus	Tourismus
2007-06-28	Behinderter	Behinderter		Behinderter|öffentliche Verwaltung|öffentlicher Dienst	Behinderter|öffentliche Verwaltung|öffentlicher Dienst
2007-07-04	direkt gewählte Kammer|Arbeitsrecht|Einkommen|Steuerwesen|Verwaltung und Entlohnung des Personals|Behinderter|Fernsehen|Hörfunk|soziale Sicherheit	soziale Sicherheit|Wasserbewirtschaftung|Arbeitsrecht|Einkommen|Gesetzgebungsverfahren|Steuerwesen|Verwaltung und Entlohnung des Personals|Energie|internationales Arbeitsrecht|Agrarerzeugnisse und Lebensmittel|Handel|Industrie|Unternehmen und Wettbewerb|Hochschulausbildung|soziale Sicherheit|Sozialpolitik|Verfassung|Wohnungspolitik|soziale Sicherheit|Sozialpolitik|Agrarerzeugnisse und Lebensmittel|Handel|Industrie|Unternehmen und Wettbewerb	direkt gewählte Kammer|Parlamentsdebatte|Behinderter|öffentliche Verwaltung|öffentlicher Dienst|öffentliche Verwaltung|öffentlicher Dienst	ethnische Gruppe	
2007-07-05	Tiermedizin|Tierschutz|Verteidigung|Tiermedizin|Tierschutz	Straßenverkehr|Exekutive|Misstrauensantrag|Tiermedizin|Tierschutz	Tourismus|Straßenverkehr|Steuerwesen|ausländischer Staatsangehöriger|Bauindustrie und öffentliches Bauwesen|Baupolitik|Gliedstaat|Schienentransport|Umwelt|Verkehr|Tiermedizin|Tierschutz	Arbeitsrecht|Gesundheit|Straßenverkehr|Umwelt|Schienentransport|Agrarerzeugnisse und Lebensmittel|Gesundheit|Europäische Union|Land- und Forstwirtschaft, Fischerei|Raumordnung|Tiermedizin|Tierschutz|Gesundheit|Handel|Industrie|junger Mensch|Preis|Unternehmen und Wettbewerb	Arbeitsrecht|Gesundheit|Straßenverkehr|Umwelt|Schienentransport|Agrarerzeugnisse und Lebensmittel|Gesundheit|Europäische Union|Land- und Forstwirtschaft, Fischerei|Raumordnung|Tiermedizin|Tierschutz|Gesundheit|Handel|Industrie|junger Mensch|Preis|Unternehmen und Wettbewerb
2007-07-06	Preis|Steuerwesen|Bildung|öffentliche Verwaltung|öffentlicher Dienst|Organisation des Unterrichtswesens|Arbeitsrecht|Einkommen|Steuerwesen|Verwaltung und Entlohnung des Personals|Arbeitsrecht|Einkommen|Steuerwesen|Verwaltung und Entlohnung des Personals|Behinderter|Fernsehen|Hörfunk|Europäische Union|Finanzwesen|Handel|Industrie|Unternehmen und Wettbewerb	Hochschulausbildung|soziale Sicherheit|Verfassung|Wohnungspolitik|Arbeitsrecht|ethnische Gruppe|Exekutive|Menschenrechte|Völkerrecht|Gesundheit|soziale Sicherheit|Sozialpolitik|Straßen- und Brückenbau|Europäische Union|partizipative Demokratie|Beschäftigung und Arbeitsbedingungen|Primarstufe|öffentliche Sicherheit|öffentliche Sicherheit|ausländischer Staatsangehöriger|Strafrecht|Straßen- und Brückenbau|ausländischer Staatsangehöriger|öffentliche Sicherheit|Arbeitsrecht|Beschäftigung und Arbeitsbedingungen|Europäische Union|Familienleistungsausgleich|öffentliche Sicherheit|Verkehr|Familie|soziale Sicherheit|Gesetzgebungsverfahren|Menschenrechte|Strafrecht|Strafrecht|öffentliche Sicherheit|soziale Sicherheit|Sozialpolitik|öffentliche Sicherheit|Europäische Union|partizipative Demokratie|Europäische Union|Finanzwesen|Öffentliche Finanzen und Haushaltspolitik|Strafrecht|Handel|Industrie|Unternehmen und Wettbewerb	Forschung und geistiges Eigentum|Wissenschaften|Straßenverkehr|Europäische Union|Menschenrechte|Handel|Industrie|Unternehmen und Wettbewerb|Finanzwesen	Handel|Industrie|Unternehmen und Wettbewerb|Finanzwesen	Geschäftsordnung des Parlaments|Haushaltskontrolle|Verteidigung|Handel|Industrie|Unternehmen und Wettbewerb|Finanzwesen
2007-09-27	junger Mensch|Straßenverkehr|Straßenverkehr|Verteidigung|Familie|Gesundheit|Finanzwesen|Bauindustrie und öffentliches Bauwesen|Baupolitik|Gliedstaat|öffentliche Sicherheit|Religion|öffentliche Sicherheit|Religion|Vereinsleben|Versammlungsfreiheit|Bildung|öffentliche Sicherheit|Organisation des Unterrichtswesens|Religion|Finanzausgleich|Öffentliche Finanzen und Haushaltspolitik|Gesetzgebungsverfahren|Haushaltskontrolle|Wohnungspolitik|Gesetzgebungsverfahren|Haushaltskontrolle|Verfassung|Gesetzgebungsverfahren|Haushaltskontrolle|Unternehmensarten|Verfassung|Steuerwesen|Gliedstaat|Haushaltskontrolle|Verwaltungsorganisation|direkt gewählte Kammer|Geschäftsordnung des Parlaments|parlamentarische Immunität|Verfassung|Finanzausgleich|Politische Partei|Informatik|Information und Informationsverarbeitung|öffentliche Sicherheit|Gliedstaat|Haushaltskontrolle|Europäische Union|Informatik|Information und Informationsverarbeitung|öffentliche Sicherheit|Strafrecht|Vereinsleben|Versammlungsfreiheit|Bildung|öffentliche Sicherheit|Organisation des Unterrichtswesens|Bildung|Organisation des Unterrichtswesens|Religion|Bauindustrie und öffentliches Bauwesen|Baupolitik|Föderalismus|Gliedstaat|Religion	soziale Sicherheit|Sozialpolitik|Religion|Bildung|Organisation des Unterrichtswesens|Religion|Behinderter|Steuerwesen|Tabak|Gesundheit|Sozialpolitik|Handel|Industrie|Luftverkehr|Unternehmen und Wettbewerb|Zolltarifpolitik|öffentliche Sicherheit|Parlamentsdebatte|Religion|Europäische Union|Wein|Weinbau|Handel|Industrie|Tabak|Unternehmen und Wettbewerb|Bauindustrie und öffentliches Bauwesen|Baupolitik|Gesetzgebungsverfahren|Haushaltskontrolle|Wohnungspolitik|Abfall|Abfallwirtschaft|Schienentransport|Behinderter|öffentliche Verwaltung|öffentlicher Dienst|Verteidigung|Gesetzgebungsverfahren|soziale Sicherheit|Internationale Beziehungen|Umwelt|Familie|Steuerwesen|soziale Sicherheit|Behinderter|Wahl|Bauindustrie und öffentliches Bauwesen|Baupolitik|Haushaltskontrolle|Wohnungspolitik|Agrarerzeugnisse und Lebensmittel|Steuerwesen|Bauindustrie und öffentliches Bauwesen|Baupolitik|Gesetzgebungsverfahren|Haushaltskontrolle|Verfassung|Haushaltskontrolle|Wohnungspolitik|ausländischer Staatsangehöriger|öffentliche Sicherheit|Religion|Steuerwesen|Straßenverkehr|Umwelt|Behinderter|öffentliche Sicherheit|öffentliche Verwaltung|öffentlicher Dienst	Kulturpolitik|Kunst|Vereinfachung der Rechtsvorschriften|Gesetzgebungsverfahren|Land- und Forstwirtschaft, Fischerei|Straßenverkehr|Agrarerzeugnisse und Lebensmittel|Tiermedizin|Tierschutz|Tiermedizin|Tierschutz|junger Mensch|Verfassung|Einkommen|Gesetzgebungsverfahren|Verwaltung und Entlohnung des Personals|Familie|Bildung|Organisation des Unterrichtswesens|Neutralität|Gesundheit|Verfassung|Elektrizitätsindustrie|Handel|Industrie|Unternehmen und Wettbewerb|Straßenverkehr|Verwaltungsrecht|Agrarerzeugnisse und Lebensmittel|Europäische Union|Straßenverkehr|Straßenverkehr|junger Mensch|Bürgerliches Recht|Personenstand|Agrarerzeugnisse und Lebensmittel|Bürgerliches Recht|Land- und Forstwirtschaft, Fischerei|Handel|Industrie|Land- und Forstwirtschaft, Fischerei|Unternehmen und Wettbewerb|Verteidigung|Luftverkehr|Politik der Zusammenarbeit|Steuerwesen|Land- und Forstwirtschaft, Fischerei|Neutralität|Hochschulausbildung|Arbeitsrecht|Familie|Familienleistungsausgleich|Gesetzgebungsverfahren|Agrarerzeugnisse und Lebensmittel|Tiermedizin|Tierschutz|Geschäftsordnung des Parlaments|Steuerwesen|Schienentransport|Handel|Industrie|Unternehmen und Wettbewerb|Familie|Familienleistungsausgleich|Sekundarstufe|Handel|Industrie|Land- und Forstwirtschaft, Fischerei|Unternehmen und Wettbewerb|Bildung|Familie|Organisation des Unterrichtswesens|Bildung|Organisation des Unterrichtswesens|Steuerwesen|Straßenverkehr|ausländischer Staatsangehöriger|Strafrecht|Haushaltskontrolle|Öffentliche Finanzen und Haushaltspolitik|Familie|Finanzausgleich|namentliche Abstimmung|Steuerwesen|Straßenverkehr	Gesundheit|Umwelt|Familie|ausländischer Staatsangehöriger	Gesundheit|Umwelt|Familie|ausländischer Staatsangehöriger
2007-10-10	Haushaltskontrolle|Wohnungspolitik|Haushaltskontrolle|Verfassung|Haushaltskontrolle|Verfassung|öffentliche Sicherheit|Post- und Fernmeldewesen|Flüchtling|Gerichtswesen|Verwaltungsrecht|ausländischer Staatsangehöriger|Flüchtling	soziale Sicherheit|Tourismus|Exekutive|Grenze|öffentliche Sicherheit|Verteidigung|Flüchtling|Gliedstaat|öffentliche Verwaltung|öffentlicher Dienst|Gesetzgebungsverfahren|partizipative Demokratie|Verfassung|Gesundheit|öffentliche Sicherheit|soziale Sicherheit|Flüchtling|Gerichtswesen|Verwaltungsrecht|ausländischer Staatsangehöriger|Flüchtling	Flüchtling|Parlamentsdebatte|Exekutive|Misstrauensantrag|Flüchtling|Flüchtling	Flüchtling|Menschenrechte|öffentliche Sicherheit|Flüchtling|Gerichtswesen|Gliedstaat|Verwaltungsrecht	Flüchtling|Gerichtswesen|Gliedstaat|Verwaltungsrecht
2007-10-17	Strafrecht|Kulturpolitik|Kunst|Museum|Arbeitsrecht|Vereinfachung der Rechtsvorschriften|Gesetzgebungsverfahren|Steuerwesen|Steuerwesen|Wirtschaft|Sozialpolitik|Gesetzgebungsverfahren|Strafrecht|Verteidigung|Gesetzgebungsverfahren|Steuerwesen|Gesetzgebungsverfahren|Steuerwesen|Straßenverkehr	Europäische Union|Grenze|Internationale Beziehungen|Steuerwesen|Straßen- und Brückenbau|Familie|soziale Sicherheit|Gerichtswesen|Europäische Union|Handel|Industrie|Unternehmen und Wettbewerb|Wirtschaft|Straßenverkehr|Internationale Beziehungen|Kulturpolitik|Kunst|Elektrizitäts- und Kernkraftindustrie|Europäische Union|Parlamentsdebatte|Europäische Union|Familie|Gesundheit|öffentliche Sicherheit|soziale Sicherheit|Land- und Forstwirtschaft, Fischerei|Familie|Elektrizitätsindustrie|Informatik|Information und Informationsverarbeitung|öffentliche Sicherheit|Familie|Steuerwesen|Familie|Steuerwesen|Europäische Union|Handel|Industrie|Unternehmen und Wettbewerb|Wirtschaft|Familie|Steuerwesen|Beschäftigung und Arbeitsbedingungen|Flüchtling|Straßenverkehr|Familie|Öffentliche Finanzen und Haushaltspolitik|Steuerwesen|direkt gewählte Kammer|Steuerwesen|Straßen- und Brückenbau|Familie|soziale Sicherheit|Strafrecht|Preis|Steuerwesen	Ausbildungsbeihilfe|Ausbildungsbeihilfe|Ausbildungsbeihilfe|Agrarerzeugnisse und Lebensmittel|Gesundheit|ausländischer Staatsangehöriger|öffentliche Sicherheit|Arbeitsrecht|junger Mensch|Bildung|Gesundheit|junger Mensch|Organisation des Unterrichtswesens|Elektrizitätsindustrie|Arbeitsrecht|Personalvertretung|Handel|Industrie|Land- und Forstwirtschaft, Fischerei|Umwelt|Unternehmen und Wettbewerb|Politische Partei|Strafrecht|ausländischer Staatsangehöriger|Beschäftigung und Arbeitsbedingungen|Forschung und geistiges Eigentum|Hochschulausbildung|Wissenschaften	Hochschulausbildung	Umwelt|Hochschulausbildung
2007-11-07	öffentliche Sicherheit|Tourismus|Behinderter|Familienleistungsausgleich|soziale Sicherheit|Gesundheit|Hochschulausbildung	Gesundheit|Religion|Parlamentsdebatte|Sozialpolitik|Finanzwesen|soziale Sicherheit|Arbeitslosenversicherung|Europäische Union|Finanzwesen|Strafrecht|Hochschulausbildung|Post- und Fernmeldewesen|Finanzwesen|Familie|Tourismus|Preis|Familie|Steuerwesen|Agrarerzeugnisse und Lebensmittel|Apotheke|Steuerwesen|Hochschulausbildung	öffentliche Sicherheit|Primarstufe|Ausbildungsbeihilfe|öffentliche Verwaltung|öffentlicher Dienst|Behinderter|Gesetzgebungsverfahren|junger Mensch|soziale Sicherheit|Tourismus|Familienleistungsausgleich|junger Mensch|Europäische Union|soziale Sicherheit|Statistik|soziale Sicherheit|Hochschulausbildung	soziale Sicherheit|Tourismus|Hochschulausbildung	Arbeitsrecht|Gesundheit|Sozialpolitik|Verwaltungsrecht|Tourismus|Hochschulausbildung
2007-11-08	Europäische Union|partizipative Demokratie|Europäische Union|Politische Partei|Familie|Straßen- und Brückenbau|Gesundheit|Hochschulausbildung|öffentliche Sicherheit|Vereinsleben|Versammlungsfreiheit|Europäische Union	Familienleistungsausgleich|Beschäftigung und Arbeitsbedingungen|Europäische Union|Politische Partei|Agrarerzeugnisse und Lebensmittel|Gesundheit|Steuerwesen|Abfall|Abfallwirtschaft|Arbeitsrecht|Einkommen|Frau|Gleichbehandlung|Verwaltung und Entlohnung des Personals|Preis|Bürgerliches Recht|Europäische Union|Behinderter|Familienleistungsausgleich|Steuerwesen|Gesundheit|Bauindustrie und öffentliches Bauwesen|Baupolitik|Wohnungspolitik|Europäische Union|ausländischer Staatsangehöriger|Europäische Union|Grenze|öffentliche Sicherheit|Bauindustrie und öffentliches Bauwesen|Baupolitik|Exekutive|Europäische Union|namentliche Abstimmung|partizipative Demokratie	Europäische Union|Politische Partei|Agrarerzeugnisse und Lebensmittel|Handel|Industrie|Unternehmen und Wettbewerb|Bauindustrie und öffentliches Bauwesen|Baupolitik|Kulturpolitik|Kunst|Raumordnung|Europäische Union|Verfassung|Bauindustrie und öffentliches Bauwesen|Baupolitik|Raumordnung	Handel|Industrie|Sport|Unternehmen und Wettbewerb|Europäische Union|Sport|Europäische Union|Politische Partei|Bildung|Organisation des Unterrichtswesens|öffentliche Sicherheit|Gesetzgebungsverfahren|Land- und Forstwirtschaft, Fischerei|Bauindustrie und öffentliches Bauwesen|Baupolitik|Kulturpolitik|Kunst|Raumordnung|Europäische Union	Handel|Industrie|Sport|Unternehmen und Wettbewerb|Europäische Union|Sport|Europäische Union|Politische Partei|Bildung|Organisation des Unterrichtswesens|Land- und Forstwirtschaft, Fischerei|Bauindustrie und öffentliches Bauwesen|Baupolitik|Kulturpolitik|Kunst|Raumordnung|Europäische Union
2007-11-22				Strafrecht|Hochschulausbildung|Notar|Rechtsanwalt	Strafrecht|Hochschulausbildung|Notar|Rechtsanwalt
2007-11-27				Sozialpolitik	Sozialpolitik
2007-11-28				Flüchtling|Vereinte Nationen|ausländischer Staatsangehöriger|Straßenverkehr|Verwaltungsrecht	Flüchtling|Vereinte Nationen|ausländischer Staatsangehöriger|Straßenverkehr|Verwaltungsrecht
2007-11-29	Finanzwesen|Öffentliche Finanzen und Haushaltspolitik	Finanzwesen|Öffentliche Finanzen und Haushaltspolitik	Finanzwesen|Öffentliche Finanzen und Haushaltspolitik	Finanzwesen|Öffentliche Finanzen und Haushaltspolitik	Finanzwesen|Öffentliche Finanzen und Haushaltspolitik
2007-11-30				öffentliche Verwaltung|öffentlicher Dienst|Versicherungswesen|Verteidigung	öffentliche Verwaltung|öffentlicher Dienst|Versicherungswesen|Verteidigung
2007-12-04	direkt gewählte Kammer|Familie|soziale Sicherheit|soziale Sicherheit|Gesundheit|Post- und Fernmeldewesen|Umwelt|Arbeitsrecht|Europäische Union|Öffentliche Finanzen und Haushaltspolitik|Sozialpolitik	direkt gewählte Kammer|Familie|Gesundheit|öffentliche Sicherheit|soziale Sicherheit|Behinderter|Berufsverband|soziale Sicherheit|soziale Sicherheit|Öffentliche Finanzen und Haushaltspolitik|soziale Sicherheit|ausländischer Staatsangehöriger	direkt gewählte Kammer|Familie|soziale Sicherheit|soziale Sicherheit|Europäische Union|soziale Sicherheit|Statistik	Handel|Industrie|junger Mensch|Unternehmen und Wettbewerb|Agrarerzeugnisse und Lebensmittel|Handel|Industrie|Unternehmen und Wettbewerb|direkt gewählte Kammer|Familie|Agrarerzeugnisse und Lebensmittel|Informatik|Information und Informationsverarbeitung|Tiermedizin|Tierschutz|Apotheke|Preis|Handel|Industrie|Unternehmen und Wettbewerb|Wohnungspolitik	Handel|Industrie|junger Mensch|Unternehmen und Wettbewerb|direkt gewählte Kammer|Familie|Agrarerzeugnisse und Lebensmittel|Informatik|Information und Informationsverarbeitung|Tiermedizin|Tierschutz|Apotheke|Preis|Handel|Industrie|Unternehmen und Wettbewerb|Wohnungspolitik
2007-12-05	junger Mensch|Straßenverkehr|Exekutive|Misstrauensantrag|Bildung|Familie|Öffentliche Finanzen und Haushaltspolitik|Organisation des Unterrichtswesens|Hochschulausbildung|Bauindustrie und öffentliches Bauwesen|Baupolitik|Gesundheit|ausländischer Staatsangehöriger|Primarstufe	direkt gewählte Kammer|Einkommen|Verfassung|Verwaltung und Entlohnung des Personals|soziale Sicherheit|Verwaltungsorganisation|Bürgerliches Recht|Forschung und geistiges Eigentum|Wissenschaften|Steuerwesen|Elektrizitätsindustrie|Gesundheit|Handel|Industrie|Umwelt|Unternehmen und Wettbewerb|Bildung|Organisation des Unterrichtswesens|Steuerwesen|Gesundheit|junger Mensch|Behinderter|Berufsverband|Behinderter|Beschäftigung und Arbeitsbedingungen|soziale Sicherheit|Gesundheit|soziale Sicherheit|Bürgerliches Recht|Umwelt|Gesundheit|soziale Sicherheit|Gesundheit|Verfassung|Gliedstaat|Raumordnung|Straßen- und Brückenbau|Agrarerzeugnisse und Lebensmittel|Straßenverkehr|junger Mensch|Parlamentsdebatte|Strafrecht|Behinderter|Versicherungswesen|Behinderter|Beschäftigung und Arbeitsbedingungen|Gesetzgebungsverfahren|Bildung|Organisation des Unterrichtswesens|Bauindustrie und öffentliches Bauwesen|Baupolitik|Behinderter|Bauindustrie und öffentliches Bauwesen|Baupolitik|Behinderter|soziale Sicherheit|Bildung|Organisation des Unterrichtswesens|Bildung|Organisation des Unterrichtswesens|Europäische Union|Gesundheit|junger Mensch|Strafrecht|Strafrecht|Informatik|Information und Informationsverarbeitung|Strafrecht|namentliche Abstimmung|Verteidigung|Europäische Union|partizipative Demokratie|Verteidigung|Exekutive|Misstrauensantrag|junger Mensch|Strafrecht|Gesundheit|Informatik|Information und Informationsverarbeitung|junger Mensch|Strafrecht	Gesetzgebungsverfahren|Handel|Industrie|Unternehmen und Wettbewerb|Finanzwesen|Verteidigung|Hochschulausbildung|öffentliche Verwaltung|öffentlicher Dienst|Einkommen|Hochschulausbildung|Verwaltung und Entlohnung des Personals|Finanzwesen|Familie|Handel|Industrie|Unternehmen und Wettbewerb|Arbeitslosenversicherung|Strafrecht|Bildung|Familie|Finanzausgleich|Öffentliche Finanzen und Haushaltspolitik|Organisation des Unterrichtswesens|junger Mensch|Straßenverkehr|Gesundheit|junger Mensch|Strafrecht|Verteidigung|ausländischer Staatsangehöriger|Europäische Union|Straßenverkehr|Verwaltungsrecht|Öffentliche Finanzen und Haushaltspolitik|Sekundarstufe|Grenze|Straßenverkehr	Berufsverband|Geschäftsordnung des Parlaments|Gerichtswesen	Gerichtswesen
2007-12-06	Steuerwesen|Straßen- und Brückenbau|junger Mensch|Strafrecht|öffentliche Verwaltung|öffentlicher Dienst|Gesundheit|junger Mensch|Strafrecht|Gliedstaat|junger Mensch|Strafrecht|junger Mensch|Strafrecht	Strafrecht|junger Mensch|Strafrecht|Steuerwesen|Strafrecht|Gesundheit|Bürgerliches Recht|junger Mensch|Haushaltskontrolle|Strafrecht|Preis|Steuerwesen|Tabak|Behinderter|Personalvertretung|Steuerwesen|direkt gewählte Kammer|Europäische Union|Gesetzgebungsverfahren|Verfassung|Öffentliche Finanzen und Haushaltspolitik|öffentliche Sicherheit|Sport|Verteidigung|Tiermedizin|Tierschutz|Umwelt|Öffentliche Finanzen und Haushaltspolitik|Steuerwesen|Finanzwesen|Verwaltungsorganisation|direkt gewählte Kammer|partizipative Demokratie|Verfassung|Gliedstaat|öffentliche Verwaltung|öffentlicher Dienst|Verwaltungsreform|Finanzwesen|Verwaltungsorganisation|Finanzwesen|Öffentliche Finanzen und Haushaltspolitik|Finanzwesen|öffentliche Verwaltung|öffentlicher Dienst|Steuerwesen|Verfassung|Gesundheit|Steuerwesen|Tabak|Preis|Steuerwesen|Tabak	Informatik|Information und Informationsverarbeitung|öffentliche Sicherheit|Gesetzgebungsverfahren|Opferhilfe|Steuerwesen|Finanzwesen|Schienentransport	Handel|Industrie|Unternehmen und Wettbewerb	Handel|Industrie|Unternehmen und Wettbewerb
2008-01-16	Elektrizitäts- und Kernkraftindustrie|Völkerrecht|Einkommen|Familie|Preis|soziale Sicherheit|Sozialpolitik|Steuerwesen|Verwaltung und Entlohnung des Personals	Familie|Familienleistungsausgleich|Steuerwesen|Forschung und geistiges Eigentum|Wissenschaften|namentliche Abstimmung|soziale Sicherheit|Sozialpolitik|soziale Sicherheit|Sozialpolitik|direkt gewählte Kammer|Verfassung|soziale Sicherheit|Sozialpolitik|Arbeitsrecht|soziale Sicherheit|soziale Sicherheit	Bildung|Organisation des Unterrichtswesens|Gesetzgebungsverfahren|Opferhilfe|Bürgerliches Recht|Staatsangehöriger|Informatik|Information und Informationsverarbeitung|Tiermedizin|Tierschutz|Gesetzgebungsverfahren|soziale Sicherheit|Arbeitsrecht|Gesundheit	soziale Sicherheit|Verfassung|Handel|Industrie|Unternehmen und Wettbewerb|Gesundheit	soziale Sicherheit|Verfassung|Handel|Industrie|Unternehmen und Wettbewerb|Gesundheit
2008-01-30	öffentliche Sicherheit|Wohnungspolitik|junger Mensch|Strafrecht|Umwelt	Elektrizitätsindustrie|Steuerwesen|Gesundheit|junger Mensch|Umwelt|Schienentransport|Sozialpolitik|direkt gewählte Kammer|öffentliche Sicherheit|Gesundheit|soziale Sicherheit|Energie|Elektrizitäts- und Kernkraftindustrie|Völkerrecht|soziale Sicherheit|Sozialpolitik|Steuerwesen|Behinderter|namentliche Abstimmung|soziale Sicherheit|Europäische Union|partizipative Demokratie	Grenze|Straßenverkehr|Frau|Gleichbehandlung|Unternehmensarten|Energie|Parlamentsdebatte|Preis|ethnische Gruppe|Frau|Gesetzgebungsverfahren|Gesundheit|Gleichbehandlung|Strafrecht|Europäische Union|Land- und Forstwirtschaft, Fischerei|ethnische Gruppe|Gliedstaat|Straßenverkehr|Energie|Schienentransport|Steuerwesen|Verkehr|Energie|Energie|Energie|Energie|Energie|Elektrizitätsindustrie	Finanzausgleich|Öffentliche Finanzen und Haushaltspolitik|Steuerwesen|Umwelt|Öffentliche Finanzen und Haushaltspolitik	Finanzausgleich|Öffentliche Finanzen und Haushaltspolitik|Steuerwesen|Umwelt|Öffentliche Finanzen und Haushaltspolitik
2008-01-31	Arbeitslosenversicherung|Sport|Land- und Forstwirtschaft, Fischerei|soziale Sicherheit|Sozialpolitik|Land- und Forstwirtschaft, Fischerei|soziale Sicherheit|Sozialpolitik|Sozialpolitik	direkt gewählte Kammer|Europäische Union|Verfassung|ausländischer Staatsangehöriger|Parlamentsdebatte|Gesetzgebungsverfahren|Vereinsleben|Versammlungsfreiheit|Hochschulausbildung|Tourismus|Handel|Industrie|Unternehmen und Wettbewerb|Sport	Abfall|Abfallwirtschaft|Verwaltungsrecht|Fernsehen|Geschäftsordnung des Parlaments|Gesetzgebungsverfahren|Hörfunk|Elektrizitäts- und Kernkraftindustrie|Völkerrecht|Energie|Europäische Union|Land- und Forstwirtschaft, Fischerei|Energie|Finanzausgleich|Luftverkehr|Umwelt|Europäische Union|Luftverkehr|öffentliche Verwaltung|öffentlicher Dienst|Raumordnung|Umwelt|Verkehr|Land- und Forstwirtschaft, Fischerei|Bauindustrie und öffentliches Bauwesen|Baupolitik|Handel|Industrie|Umwelt|Unternehmen und Wettbewerb|Verkehr|See- und Binnenschiffsverkehr|Sport|Umwelt	völkerrechtliche Verantwortlichkeit|Sport	Sport|völkerrechtliche Verantwortlichkeit
2008-03-03	Gesundheit|junger Mensch|Strafrecht|Geschäftsordnung des Parlaments|Gesetzgebungsverfahren|Gesundheit|junger Mensch|Strafrecht|Exekutive|Gesetzgebungsverfahren|Verfassung|Steuerwesen|Sozialpolitik|Sozialpolitik	soziale Sicherheit|soziale Sicherheit|Sozialpolitik|Elektrizitätsindustrie|Steuerwesen|Straßenverkehr|Tourismus|Europäische Union|Familie|Steuerwesen|Verfassung|öffentliche Verwaltung|öffentlicher Dienst|öffentliche Sicherheit|Geschäftsordnung des Parlaments|Gesetzgebungsverfahren|Steuerwesen|Wohnungspolitik|Arbeitslosenversicherung|Flüchtling|soziale Sicherheit|Verteidigung|Wirtschaft|Elektrizitäts- und Kernkraftindustrie|Gesundheit|öffentliche Sicherheit|soziale Sicherheit|Arbeitslosenversicherung|Abfall|Abfallwirtschaft|Energie	Gesetzgebungsverfahren|soziale Sicherheit|Gesundheit|Gliedstaat|soziale Sicherheit|Sozialpolitik|öffentliche Verwaltung|öffentlicher Dienst	Wohnungspolitik|Elektrizitätsindustrie|Land- und Forstwirtschaft, Fischerei|Preis|Sozialpolitik|Steuerwesen|Wohnungspolitik|Elektrizitätsindustrie|Land- und Forstwirtschaft, Fischerei|Preis|Sozialpolitik|Steuerwesen|Wohnungspolitik	Exekutive|Finanzwesen|öffentliche Sicherheit|Politische Partei
2008-03-04				Elektrizitäts- und Kernkraftindustrie|Völkerrecht	Elektrizitäts- und Kernkraftindustrie|Völkerrecht
2008-03-11	Umwelt|Menschenrechte	Preis|Sozialpolitik|Steuerwesen|Gesetzgebungsverfahren|öffentliche Verwaltung|öffentlicher Dienst|Steuerwesen|öffentliche Sicherheit|öffentliche Verwaltung|öffentlicher Dienst	Preis|Tourismus|Post- und Fernmeldewesen|Gesetzgebungsverfahren|Steuerwesen|Wohnungspolitik|Menschenrechte|Verkehr|Informatik|Information und Informationsverarbeitung|Post- und Fernmeldewesen|Schienentransport|Arbeitsrecht|Einkommen|Frau|Gleichbehandlung|Verwaltung und Entlohnung des Personals|Handel|Industrie|Unternehmen und Wettbewerb|Wohnungspolitik	direkt gewählte Kammer|Fernsehen|Filmindustrie|Geschäftsordnung des Parlaments|Gesetzgebungsverfahren|Hörfunk|Wohnungspolitik|Europäische Union|Handel|Industrie|junger Mensch|Unternehmen und Wettbewerb	Wohnungspolitik|Europäische Union|Handel|Industrie|junger Mensch|Unternehmen und Wettbewerb
2008-03-13	Forschung und geistiges Eigentum|Haushaltskontrolle|Verwaltungsreform|Wissenschaften|Bauindustrie und öffentliches Bauwesen|Baupolitik|Haushaltskontrolle|Museum|Verwaltungsreform|Haushaltskontrolle|Museum|Verwaltungsreform|Bildung|Gliedstaat|Haushaltskontrolle|Organisation des Unterrichtswesens|Verwaltungsreform|Luftverkehr|Verteidigung|Europäische Union|öffentliche Sicherheit|Straßen- und Brückenbau|Umwelt|Handel|Haushaltskontrolle|Industrie|Statistik|Unternehmen und Wettbewerb|Verwaltungsreform|Gesundheit|soziale Sicherheit|Vereinsleben|Versammlungsfreiheit|diplomatische Beziehungen|Haushaltskontrolle|öffentliche Verwaltung|öffentlicher Dienst|Verwaltungsreform|Haushaltskontrolle|Verwaltungsreform|Wasserbewirtschaftung|Forschung und geistiges Eigentum|Frau|Gleichbehandlung|Steuerwesen|Wissenschaften|Finanzausgleich|Haushaltskontrolle|Verwaltungsreform|Haushaltskontrolle|öffentliche Sicherheit|Straßenverkehr|Verwaltungsreform|diplomatische Beziehungen|Haushaltskontrolle|Verwaltungsreform|Haushaltskontrolle|Hochschulausbildung|Verwaltungsreform|Haushaltskontrolle|öffentliche Verwaltung|öffentlicher Dienst|Verwaltungsreform|Steuerwesen|Wohnungspolitik|Steuerwesen|Abfall|Abfallwirtschaft	Verteidigung|Statistik|Bürgerliches Recht|Einkommen|Familie|Verwaltung und Entlohnung des Personals|Primarstufe|Frau|Gesundheit|Gleichbehandlung|Strafrecht|Bildung|Organisation des Unterrichtswesens|Bildung|Gesundheit|Organisation des Unterrichtswesens|Familie|Frau|Gleichbehandlung|Elektrizitätsindustrie|Elektrizitäts- und Kernkraftindustrie	Apotheke|Gesundheit|junger Mensch|Gesundheit|junger Mensch|Opferhilfe|Gesetzgebungsverfahren|Kulturpolitik|Kunst|Verfassung|Bürgerliches Recht|Gesetzgebungsverfahren|Kulturpolitik|Kunst|Museum|völkerrechtliche Verantwortlichkeit|Öffentliche Finanzen und Haushaltspolitik|Politik der Zusammenarbeit|Elektrizitätsindustrie	Europäische Union|Informatik|Information und Informationsverarbeitung|Luftverkehr|Familie|Steuerwesen|Informatik|Information und Informationsverarbeitung|öffentliche Sicherheit|Strafrecht|Steuerwesen|Umwelt	Familie|Steuerwesen|Informatik|Information und Informationsverarbeitung|öffentliche Sicherheit|Strafrecht|Steuerwesen|Umwelt
2008-04-09	Handel|Industrie|Unternehmen und Wettbewerb|öffentliche Sicherheit|Sport|Verteidigung|Handel|Haushaltskontrolle|Industrie|Statistik|Unternehmen und Wettbewerb|Verwaltungsreform|Geschäftsordnung des Parlaments|Gesetzgebungsverfahren|Europäische Union|partizipative Demokratie|Verfassung|Steuerwesen|Politik der Zusammenarbeit|Steuerwesen|Europäische Union	öffentliche Sicherheit|ethnische Gruppe|Trentino-Südtirol|Verfassung|Steuerwesen|Gesetzgebungsverfahren|Steuerwesen|Europäische Union|namentliche Abstimmung|partizipative Demokratie	öffentliche Sicherheit|Straßenverkehr|Versicherungswesen|Bildung|Organisation des Unterrichtswesens|Elektrizitätsindustrie|Menschenrechte|Europäische Union|Neutralität|Europäische Union|Internationale Beziehungen|Menschenrechte|Vereinte Nationen	Europäische Union|Neutralität|Menschenrechte	Europäische Union|Neutralität|Menschenrechte
2008-04-10	Familienleistungsausgleich|junger Mensch|Sekundarstufe|Familie|Steuerwesen|Verwaltungsorganisation|Arbeitsrecht|Frau|Gleichbehandlung|Sozialpolitik|Familienleistungsausgleich|Gesundheit|junger Mensch|Behinderter|Versicherungswesen|Behinderter|Frau|Gleichbehandlung|Opferhilfe	Behinderter|Europäische Union|Währungsbeziehungen|Elektrizitätsindustrie|Öffentliche Finanzen und Haushaltspolitik|Behinderter|Kulturpolitik|Kunst|Museum|Bildung|Organisation des Unterrichtswesens|Gesundheit|Verfassung|Wirtschaft|Verwaltungsreform|Wirtschaft|Informatik|Information und Informationsverarbeitung|Politische Partei|Öffentliche Finanzen und Haushaltspolitik|Opferhilfe|Handel|Industrie|Presse|Statistik|Unternehmen und Wettbewerb|Verwaltungsreform|Familie|junger Mensch|Handel|Industrie|Steuerwesen|Unternehmen und Wettbewerb|Handel|Industrie|Unternehmen und Wettbewerb|Verwaltungsreform	Europäische Union|Politik der Zusammenarbeit|Steuerwesen|Europäische Union|Internationale Beziehungen|Menschenrechte|Vereinte Nationen|Bildung|Gesundheit|Organisation des Unterrichtswesens|Europäische Union|Internationale Beziehungen|Land- und Forstwirtschaft, Fischerei|Europäische Union|Frau|Gleichbehandlung|Politik der Zusammenarbeit|Handel|Industrie|Steuerwesen|Unternehmen und Wettbewerb|Wirtschaft	Hochschulausbildung|Geschäftsordnung des Parlaments|Handel|Industrie|soziale Sicherheit|Steuerwesen|Unternehmen und Wettbewerb	
2008-05-07	Gerichtswesen|Gesundheit|Sport|Finanzausgleich|Gliedstaat|Kulturpolitik|Kunst|Straßenverkehr|Straßen- und Brückenbau|Menschenrechte|Familie|Steuerwesen|Fernsehen|Hörfunk|Familie|Gesundheit|junger Mensch|Arbeitsrecht|junger Mensch|öffentliche Verwaltung|öffentlicher Dienst|Strafrecht|Informatik|Information und Informationsverarbeitung|Strafrecht|junger Mensch|öffentliche Sicherheit|junger Mensch|Strafrecht|Gliedstaat|junger Mensch|Strafrecht|junger Mensch|Strafrecht|junger Mensch|Strafrecht|Exekutive|Misstrauensantrag|junger Mensch|Strafrecht	Behinderter|Verkehr|Gliedstaat|Umwelt|Verwaltungsorganisation|Behinderter|Bildung|Organisation des Unterrichtswesens|soziale Sicherheit|Arbeitslosenversicherung|Beschäftigung und Arbeitsbedingungen|Sozialpolitik|Wohnungspolitik|Gesundheit|Familienleistungsausgleich|junger Mensch|Behinderter|Steuerwesen|Elektrizitäts- und Kernkraftindustrie|Europäische Union|partizipative Demokratie|Bildung|Gesundheit|Organisation des Unterrichtswesens|Handel|Industrie|Umwelt|Unternehmen und Wettbewerb|Gesundheit|Energie|Steuerwesen|Wohnungspolitik|öffentliche Sicherheit|Behinderter|Erwachsenenbildung|Abfall|Abfallwirtschaft|Umwelt|Hochschulausbildung|namentliche Abstimmung|junger Mensch|Strafrecht|junger Mensch|Strafrecht|Europäische Union|Land- und Forstwirtschaft, Fischerei	Bildung|Organisation des Unterrichtswesens	Arbeitsrecht|Informatik|Information und Informationsverarbeitung|öffentliche Verwaltung|öffentlicher Dienst|Strafrecht	Arbeitsrecht|Informatik|Information und Informationsverarbeitung|öffentliche Verwaltung|öffentlicher Dienst|Strafrecht
2008-05-08	Familie|Gesundheit|junger Mensch|junger Mensch|öffentliche Sicherheit|Informatik|Information und Informationsverarbeitung|Strafrecht|junger Mensch|Strafrecht|Gliedstaat|junger Mensch|Strafrecht|Ausbildungsbeihilfe|Finanzwesen|Familie|Statistik|Arbeitsrecht|junger Mensch|öffentliche Verwaltung|öffentlicher Dienst|Strafrecht|Energie|Tourismus|diplomatische Beziehungen|Verwaltungskontrolle|Land- und Forstwirtschaft, Fischerei	Bürgerliches Recht|Gesetzgebungsverfahren|Verfassung|Tourismus|Gerichtswesen|Verwaltungsorganisation|Strafrecht|Land- und Forstwirtschaft, Fischerei|Tiermedizin|Tierschutz|ethnische Gruppe|Statistik|Volkszählung|Europäische Union|Land- und Forstwirtschaft, Fischerei|Strafrecht|Strafrecht|soziale Sicherheit|Post- und Fernmeldewesen|Steuerwesen|soziale Sicherheit|Energie|Tourismus|diplomatische Beziehungen|Verwaltungskontrolle|Handel|Industrie|Unternehmen und Wettbewerb|ethnische Gruppe|Trentino-Südtirol	Staatsangehöriger|Energie|Arbeitsrecht|Hochschulausbildung|Arbeitsrecht|Beschäftigung und Arbeitsbedingungen|Elektrizitäts- und Kernkraftindustrie|Arbeitsrecht|soziale Sicherheit|Verkehr|Behinderter|Vereinte Nationen|Energie|Tourismus|diplomatische Beziehungen|Verwaltungskontrolle|Menschenrechte|Sport|Elektrizitätsindustrie|Wasserbewirtschaftung|Elektrizitätsindustrie|Wasserbewirtschaftung|Ausweis	Arbeitsrecht|Familie|Familie|Energie|Tourismus|diplomatische Beziehungen|Verwaltungskontrolle|Arbeitsrecht|Familie|Gesundheit|Familienleistungsausgleich|junger Mensch|Umwelt|Ausweis	Familie|ethnische Gruppe|Energie|Tourismus|diplomatische Beziehungen|Verwaltungskontrolle|Familienleistungsausgleich|junger Mensch|Umwelt|Ausweis
2008-06-05	Arbeitsrecht|direkt gewählte Kammer|Elektrizitäts- und Kernkraftindustrie|Bürgerliches Recht|Familienleistungsausgleich|junger Mensch|Exekutive|Familie|Gliedstaat	Tiermedizin|Tierschutz|Verfassung|Energie|Steuerwesen|Bauindustrie und öffentliches Bauwesen|Baupolitik|Energie|Handel|Industrie|Steuerwesen|Umwelt|Unternehmen und Wettbewerb|Beschäftigung und Arbeitsbedingungen|Primarstufe|Energie|Steuerwesen|Wohnungspolitik|Arbeitsrecht|Beschäftigung und Arbeitsbedingungen|direkt gewählte Kammer|Familie|Steuerwesen	Beschäftigung und Arbeitsbedingungen|Frau|Gleichbehandlung|Beschäftigung und Arbeitsbedingungen|Bürgerliches Recht|Arbeitslosenversicherung|soziale Sicherheit|Elektrizitätsindustrie|Energie|Exekutive|Misstrauensantrag	Elektrizitätsindustrie|Bürgerliches Recht|Beschäftigung und Arbeitsbedingungen|junger Mensch	Elektrizitätsindustrie|Bürgerliches Recht|Beschäftigung und Arbeitsbedingungen|junger Mensch
2008-06-06	soziale Sicherheit|Sozialpolitik|öffentliche Verwaltung|öffentlicher Dienst|Steuerwesen|Umwelt|Land- und Forstwirtschaft, Fischerei|Geschäftsordnung des Parlaments|Informatik|Information und Informationsverarbeitung|Post- und Fernmeldewesen|Preis|Europäische Union|Handel|Industrie|Unternehmen und Wettbewerb|soziale Sicherheit|soziale Sicherheit|öffentliche Verwaltung|öffentlicher Dienst|Arbeitsrecht|Einkommen|Steuerwesen|Verwaltung und Entlohnung des Personals|öffentliche Verwaltung|öffentlicher Dienst|soziale Sicherheit|Preis|Steuerwesen|Straßenverkehr|Steuerwesen|Verkehr|Bauindustrie und öffentliches Bauwesen|Baupolitik|soziale Sicherheit|Steuerwesen|Umwelt|Finanzausgleich|Preis|Steuerwesen|Verkehr|Einkommen|Preis|Steuerwesen|Verwaltung und Entlohnung des Personals|Fernsehen|Hörfunk|Steuerwesen	Öffentliche Finanzen und Haushaltspolitik|Verteidigung|Europäische Union|Bildung|öffentliche Verwaltung|öffentlicher Dienst|Organisation des Unterrichtswesens|Bauindustrie und öffentliches Bauwesen|Baupolitik|Verteidigung|Exekutive|Informatik|Information und Informationsverarbeitung|Verwaltungsorganisation|Finanzwesen|Steuerwesen|Wirtschaft|öffentliche Verwaltung|öffentlicher Dienst|Gesundheit|Statistik|Strafrecht|Arbeitsrecht|Hochschulausbildung|Verteidigung|direkt gewählte Kammer|Einkommen|Verfassung|Verwaltung und Entlohnung des Personals|Energie|Steuerwesen|Religion|Strafrecht|öffentliche Verwaltung|öffentlicher Dienst|Verteidigung|Tiermedizin|Tierschutz|Verteidigung|Luftverkehr|Straßenverkehr|Vereinsleben|Versammlungsfreiheit|Land- und Forstwirtschaft, Fischerei|Behinderter|Vereinte Nationen|öffentliche Verwaltung|öffentlicher Dienst|öffentliche Sicherheit|öffentliche Verwaltung|öffentlicher Dienst|Sport|Fernsehen|Hörfunk|Post- und Fernmeldewesen|Steuerwesen|Primarstufe|soziale Sicherheit|Bildung|öffentliche Verwaltung|öffentlicher Dienst|Organisation des Unterrichtswesens|Gesundheit|Steuerwesen|soziale Sicherheit|soziale Sicherheit|Steuerwesen|Straßenverkehr|Fernsehen|Hörfunk|Post- und Fernmeldewesen|Elektrizitäts- und Kernkraftindustrie|Europäische Union|partizipative Demokratie|Straßenverkehr|Verkehr|Arbeitsrecht|Hochschulausbildung	Abfall|Abfallwirtschaft|Umwelt|Forschung und geistiges Eigentum|Handel|Industrie|Umwelt|Unternehmen und Wettbewerb|Wissenschaften|Menschenrechte|Sport|Forschung und geistiges Eigentum|Umwelt|Wissenschaften|Energie|Forschung und geistiges Eigentum|Gesundheit|Umwelt|Wissenschaften|Gliedstaat|Öffentliche Finanzen und Haushaltspolitik|Schienentransport|Verkehr|Bürgerliches Recht|Bürgerliches Recht|Zivildienst|Forschung und geistiges Eigentum|Umwelt|Wissenschaften|direkt gewählte Kammer|Parlamentarier|Strafrecht|Forschung und geistiges Eigentum|Handel|Industrie|Umwelt|Unternehmen und Wettbewerb|Wissenschaften|Forschung und geistiges Eigentum|Umwelt|Wissenschaften|Land- und Forstwirtschaft, Fischerei|Preis|Land- und Forstwirtschaft, Fischerei|Verkehr|Energie|Forschung und geistiges Eigentum|Gesundheit|Umwelt|Wissenschaften|Agrarerzeugnisse und Lebensmittel|Tiermedizin|Tierschutz|Raumordnung|Steuerwesen|Verkehr|Fernsehen|Hörfunk|Steuerwesen|Fernsehen|Geschäftsordnung des Parlaments|Hörfunk	Handel|Industrie|Unternehmen und Wettbewerb|Land- und Forstwirtschaft, Fischerei|Steuerwesen|Umwelt|Wohnungspolitik|Informatik|Information und Informationsverarbeitung|Post- und Fernmeldewesen|Preis|Europäische Union|Handel|Industrie|Unternehmen und Wettbewerb|Agrarerzeugnisse und Lebensmittel|Tiermedizin|Tierschutz|Menschenrechte|Religion|Agrarerzeugnisse und Lebensmittel|Tiermedizin|Tierschutz|Glücksspiel	Handel|Industrie|Unternehmen und Wettbewerb|Land- und Forstwirtschaft, Fischerei|Informatik|Information und Informationsverarbeitung|Post- und Fernmeldewesen|Preis|Europäische Union|Handel|Industrie|Unternehmen und Wettbewerb|Agrarerzeugnisse und Lebensmittel|Tiermedizin|Tierschutz|Menschenrechte|Religion|Agrarerzeugnisse und Lebensmittel|Tiermedizin|Tierschutz|Glücksspiel
2008-07-01	Gesundheit	Gesundheit	Gesundheit	Gesundheit	Gesundheit
2008-07-02	Menschenrechte|Sport	Menschenrechte|Sport	Menschenrechte|Sport	Menschenrechte|Sport	Menschenrechte|Sport
2008-07-08	Geschäftsordnung des Parlaments|Geschäftsordnung des Parlaments|Geschäftsordnung des Parlaments|Verteidigung|Öffentliche Finanzen und Haushaltspolitik|direkt gewählte Kammer|Exekutive|Preis|Sozialpolitik|soziale Sicherheit|öffentliche Verwaltung|öffentlicher Dienst|Bildung|Organisation des Unterrichtswesens|Exekutive|Misstrauensantrag|Familie	Exekutive|Misstrauensantrag|Flüchtling	Informatik|Information und Informationsverarbeitung|öffentliche Sicherheit|Post- und Fernmeldewesen|ausländischer Staatsangehöriger|Öffentliche Finanzen und Haushaltspolitik|soziale Sicherheit|Geschäftsordnung des Parlaments|Haushaltskontrolle|Schienentransport|direkt gewählte Kammer|Handel|Industrie|Unternehmen und Wettbewerb|Steuerwesen|Strafrecht|Tiermedizin|Tierschutz|Exekutive|Misstrauensantrag|Exekutive|Misstrauensantrag|Exekutive|Misstrauensantrag|Exekutive|Misstrauensantrag|Exekutive|Misstrauensantrag|Steuerwesen	Energie|Verfassung|direkt gewählte Kammer|Elektrizitätsindustrie|Energie	Energie|Verfassung|direkt gewählte Kammer|Elektrizitätsindustrie|Energie
2008-07-09	Politische Partei|Wahl	Europäische Union|Europäische Union|partizipative Demokratie|Handel|Industrie|Steuerwesen|Unternehmen und Wettbewerb|Europäische Union|ethnische Gruppe|Europäische Union|Exekutive|Politische Partei|Wahl|Öffentliche Finanzen und Haushaltspolitik|soziale Sicherheit|Steuerwesen|soziale Sicherheit|soziale Sicherheit|soziale Sicherheit|Sozialpolitik	Parlamentsdebatte|Strafrecht|Tiermedizin|Tierschutz|Haushaltskontrolle|Politische Partei|Wahl	junger Mensch|soziale Sicherheit|Verfassung	
2008-07-10	soziale Sicherheit|soziale Sicherheit|Gesundheit|Steuerwesen|Europäische Union|partizipative Demokratie	Behinderter|Steuerwesen|Post- und Fernmeldewesen|Behinderter|Berufsverband|Fernsehen|Hörfunk|Kulturpolitik|Kunst|öffentliche Verwaltung|öffentlicher Dienst|Politische Partei|Europäische Union|Europäische Union|partizipative Demokratie|Europäische Union|Europäische Union|namentliche Abstimmung|Elektrizitäts- und Kernkraftindustrie|Europäische Union|partizipative Demokratie	Behinderter|Gesundheit|Gesundheit|Informatik|Information und Informationsverarbeitung|Post- und Fernmeldewesen|Umwelt|Handel|Industrie|Unternehmen und Wettbewerb|Verwaltungsrecht|Öffentliche Finanzen und Haushaltspolitik|Schienentransport|Land- und Forstwirtschaft, Fischerei|Behinderter|Berufsverband|Gliedstaat|Agrarerzeugnisse und Lebensmittel|Gesundheit|Land- und Forstwirtschaft, Fischerei|Land- und Forstwirtschaft, Fischerei|Umwelt|Behinderter|Verwaltungsrecht|Behinderter|Gerichtswesen|Behinderter|Europäische Union|Gesundheit|Schienentransport|Behinderter|Sozialpolitik|Straßenverkehr|Schienentransport|Tourismus|Verkehr|direkt gewählte Kammer|Europäische Union|Exekutive|Internationale Beziehungen|Gesundheit|Steuerwesen|Europäische Union|partizipative Demokratie|Europäische Union|Straßenverkehr	Preis|Straßenverkehr|Finanzwesen|Preis|Steuerwesen	Preis|Straßenverkehr
2008-09-12	Finanzausgleich|Steuerwesen|soziale Sicherheit|Steuerwesen|Steuerwesen|Apotheke|Steuerwesen|Elektrizitätsindustrie|Energie|Sozialpolitik|soziale Sicherheit|Berufsverband|Steuerwesen|Steuerwesen|Familie|Familienleistungsausgleich|Finanzwesen|soziale Sicherheit|Öffentliche Finanzen und Haushaltspolitik|öffentliche Sicherheit|Verteidigung|Preis|Steuerwesen|Straßenverkehr|Preis|Straßenverkehr	Hochschulausbildung|Familie|Familienleistungsausgleich|Agrarerzeugnisse und Lebensmittel|Apotheke|Steuerwesen|ausländischer Staatsangehöriger|Flüchtling|Preis|Steuerwesen|soziale Sicherheit|soziale Sicherheit|Hochschulausbildung|Öffentliche Finanzen und Haushaltspolitik|Europäische Union|Verfassung|Handel|Industrie|Steuerwesen|Unternehmen und Wettbewerb|soziale Sicherheit|Steuerwesen|Steuerwesen|Familie|Familienleistungsausgleich|soziale Sicherheit	Hochschulausbildung|Gesundheit|Steuerwesen|Hochschulausbildung|Öffentliche Finanzen und Haushaltspolitik|Familie|junger Mensch|Verkehr|Familie|direkt gewählte Kammer|Verfassung|Energie|Preis|Wohnungspolitik|Familie|Gliedstaat|Öffentliche Finanzen und Haushaltspolitik|Schienentransport|Verkehr|Steuerwesen	Hochschulausbildung|Familie|Familienleistungsausgleich|Agrarerzeugnisse und Lebensmittel|Apotheke|Steuerwesen|Preis|Steuerwesen|Hochschulausbildung|Öffentliche Finanzen und Haushaltspolitik|soziale Sicherheit|Preis|Gliedstaat|Öffentliche Finanzen und Haushaltspolitik|Schienentransport|Verkehr|Straßenverkehr	Verkehr|Strafrecht|Behinderter|Familienleistungsausgleich|soziale Sicherheit|soziale Sicherheit|soziale Sicherheit|Familie
2008-09-24	Haushaltskontrolle|Verteidigung|Agrarerzeugnisse und Lebensmittel|Einkommen|Steuerwesen|Verwaltung und Entlohnung des Personals|Finanzwesen|Forschung und geistiges Eigentum|Wirtschaft|Wissenschaften	Bildung|Organisation des Unterrichtswesens|Familie|Steuerwesen|Familie|Steuerwesen|soziale Sicherheit|Hochschulausbildung|Öffentliche Finanzen und Haushaltspolitik|soziale Sicherheit|Hochschulausbildung|Öffentliche Finanzen und Haushaltspolitik|Berufsverband|Verfassung|soziale Sicherheit	Hochschulausbildung|Öffentliche Finanzen und Haushaltspolitik|Europäische Union|Steuerwesen|Hochschulausbildung|Öffentliche Finanzen und Haushaltspolitik|soziale Sicherheit|Vereinfachung der Rechtsvorschriften|soziale Sicherheit|Sozialpolitik	Hochschulausbildung|Öffentliche Finanzen und Haushaltspolitik|Hochschulausbildung|Öffentliche Finanzen und Haushaltspolitik	namentliche Abstimmung|Haushaltskontrolle|Verteidigung|Agrarerzeugnisse und Lebensmittel|Einkommen|Steuerwesen|Verwaltung und Entlohnung des Personals|Hochschulausbildung|Öffentliche Finanzen und Haushaltspolitik|Finanzwesen|Forschung und geistiges Eigentum|Wirtschaft|Wissenschaften|Berufsverband
2008-09-25	Energie|Gliedstaat|Wohnungspolitik	Europäische Union|Familienleistungsausgleich|Familie|Ausbildungsbeihilfe|Familienleistungsausgleich|Europäische Union|Schienentransport	direkt gewählte Kammer|Strafrecht|Vereinte Nationen|Europäische Union|Exekutive|Europäische Union|Finanzwesen|Politik der Zusammenarbeit|Steuerwesen|Energie|Gliedstaat|Wohnungspolitik	Europäische Union|Sozialpolitik|Wirtschaft|Arbeitsrecht|Familie|Europäische Union|Finanzwesen|Politik der Zusammenarbeit|Steuerwesen|Verkehr|Bauindustrie und öffentliches Bauwesen|Baupolitik|Öffentliche Finanzen und Haushaltspolitik|Schienentransport|Verkehr|Bauindustrie und öffentliches Bauwesen|Baupolitik|Energie|Finanzwesen|Umwelt|Wohnungspolitik	Energie|Gliedstaat|Wohnungspolitik
2008-10-20		Familie|Steuerwesen|soziale Sicherheit|Finanzwesen|Steuerwesen|Unternehmensarten|Finanzwesen|Strafrecht|Luftverkehr|öffentliches Eigentum|Unternehmensarten	Finanzwesen|Steuerwesen|Einkommen|Finanzwesen|Verwaltung und Entlohnung des Personals	Finanzwesen|Finanzwesen	Finanzwesen|Finanzwesen
