Datum	F	G	S	V
2002-12-20	öffentliche Verwaltung|öffentlicher Dienst|Europäische Union|Parlamentsdebatte|soziale Sicherheit	junger Mensch|Strafrecht|Behinderter|Gesetzgebungsverfahren|Opferhilfe|Strafrecht|Strafrecht|Hochschulausbildung|Gesetzgebungsverfahren|Straßenverkehr|Gesetzgebungsverfahren|Tiermedizin|Tierschutz|Geschäftsordnung des Parlaments|Gesetzgebungsverfahren|partizipative Demokratie|Verfassung|Gesetzgebungsverfahren|Hochschulausbildung|Verfassung|Wahl|soziale Sicherheit|ausländischer Staatsangehöriger|Gesetzgebungsverfahren|Steuerwesen|Behinderter|ethnische Gruppe|Europäische Union|Menschenrechte|Religion|Geschäftsordnung des Parlaments|Gesetzgebungsverfahren|Verfassung|Straßenverkehr|Elektrizitäts- und Kernkraftindustrie	Steuerwesen|Verteidigung|Verfassung|Tiermedizin|Tierschutz|Gesetzgebungsverfahren|Verfassung|Sozialpolitik|Verfassung|Arbeitsrecht|Elektrizitäts- und Kernkraftindustrie|Straßenverkehr	öffentliche Verwaltung|öffentlicher Dienst|Europäische Union|Parlamentsdebatte|soziale Sicherheit|Verfassung
2003-01-23	öffentliche Verwaltung|öffentlicher Dienst|Steuerwesen|Gesundheit	Land- und Forstwirtschaft, Fischerei|Gesetzgebungsverfahren|Land- und Forstwirtschaft, Fischerei|Umwelt|Elektrizitätsindustrie|Gesundheit|öffentliche Verwaltung|öffentlicher Dienst|öffentliche Verwaltung|öffentlicher Dienst	Geschäftsordnung des Parlaments|Gesetzgebungsverfahren|parlamentarischer Ausschuss|Abfall|Abfallwirtschaft|Gesetzgebungsverfahren|Straßenverkehr|Geschäftsordnung des Parlaments|Gesetzgebungsverfahren|Bürgerliches Recht|Gesetzgebungsverfahren|Handel|Industrie|Unternehmen und Wettbewerb|Gesundheit|Geschäftsordnung des Parlaments|Gesetzgebungsverfahren|Verfassung|Verwaltungskontrolle|Währungsbeziehungen	öffentliche Verwaltung|öffentlicher Dienst|Steuerwesen|Gesundheit
2003-02-26	Opferhilfe|Behinderter|Opferhilfe	Opferhilfe|Behinderter|Gesetzgebungsverfahren|Post- und Fernmeldewesen|Opferhilfe|Frau|Gleichbehandlung|Raumordnung|Europäische Union|Wirtschaft|Tiermedizin|Tierschutz	Opferhilfe|Handel|Industrie|Unternehmen und Wettbewerb|Filmindustrie|Elektrizitäts- und Kernkraftindustrie|Finanzwesen|Behinderter|Gesundheit|Opferhilfe|soziale Sicherheit|Post- und Fernmeldewesen|Wasserbewirtschaftung|Finanzwesen|Handel|Industrie|Unternehmen und Wettbewerb|Strafrecht|Gesundheit	Opferhilfe|Behinderter|Opferhilfe
2003-03-06	Exekutive|Internationale Beziehungen|Exekutive	Wohnungspolitik|soziale Sicherheit|Behinderter|Sekundarstufe|Agrarerzeugnisse und Lebensmittel|soziale Sicherheit|ausländischer Staatsangehöriger|Familie|Internationale Beziehungen|Verteidigung|Straßenverkehr	Strafrecht|Gliedstaat|Öffentliche Finanzen und Haushaltspolitik|Sport|Sport|Steuerwesen|Internationale Beziehungen|ausländischer Staatsangehöriger|Familie|Verteidigung	Exekutive|Internationale Beziehungen|Exekutive
2003-03-19		Gliedstaat|Parlamentsdebatte|Verfassung|Wahl|Gliedstaat|Verfassung|Wahl	Informatik|Information und Informationsverarbeitung|öffentliche Verwaltung|öffentlicher Dienst	
2003-03-26	Wahl|Sport|soziale Sicherheit|Steuerwesen|Internationale Beziehungen	Gliedstaat|Öffentliche Finanzen und Haushaltspolitik|Straßen- und Brückenbau|Fernsehen|Frau|Gleichbehandlung|Hörfunk|Post- und Fernmeldewesen|Sport|soziale Sicherheit|Gesetzgebungsverfahren|Opferhilfe|Frau|Gleichbehandlung|soziale Sicherheit|Behinderter|Bildung|Organisation des Unterrichtswesens|Arbeitsrecht|Einkommen|Gesetzgebungsverfahren|Verwaltung und Entlohnung des Personals|Internationale Beziehungen|Vereinte Nationen|Völkerrecht|Einkommen|Steuerwesen|Verwaltung und Entlohnung des Personals|Internationale Beziehungen	Geschäftsordnung des Parlaments|Haushaltskontrolle|Sport|soziale Sicherheit|Steuerwesen|Gesetzgebungsverfahren|Steuerwesen|Arbeitsrecht|Gesetzgebungsverfahren|Verfassung|Straßenverkehr|Tourismus|Sport|Informatik|Information und Informationsverarbeitung|öffentliche Sicherheit|Gesetzgebungsverfahren|Informatik|Information und Informationsverarbeitung|öffentliche Sicherheit|Verwaltungsorganisation|Zolltarifpolitik|Gesetzgebungsverfahren|Verfassung|Energie|Gesetzgebungsverfahren|Statistik|Strafrecht|soziale Sicherheit|Steuerwesen|Elektrizitätsindustrie|direkt gewählte Kammer|Internationale Beziehungen|Vereinte Nationen|Völkerrecht|öffentliche Verwaltung|öffentlicher Dienst|Verwaltungsorganisation|Zolltarifpolitik|Einkommen|Steuerwesen|Verwaltung und Entlohnung des Personals|Schienentransport|Handel|Industrie|Strafrecht|Unternehmen und Wettbewerb|Straßenverkehr|Bauindustrie und öffentliches Bauwesen|Baupolitik|Schienentransport|Verkehr|Internationale Beziehungen	Wahl|Sport|soziale Sicherheit|Steuerwesen|Internationale Beziehungen
2003-04-08	Bürgerliches Recht			Bürgerliches Recht
2003-04-09			Geschäftsordnung des Parlaments	
2003-04-29	Agrarerzeugnisse und Lebensmittel|Gesundheit	Europäische Union|Land- und Forstwirtschaft, Fischerei|Verkehr|Gliedstaat|Wohnungspolitik|Handel|Industrie|Unternehmen und Wettbewerb|soziale Sicherheit|Land- und Forstwirtschaft, Fischerei|ausländischer Staatsangehöriger|Verfassung|Wahl|Exekutive|Misstrauensantrag|soziale Sicherheit	Straßen- und Brückenbau|Notar|Rechtsanwalt|Strafrecht|Bildung|junger Mensch|Organisation des Unterrichtswesens|Wahl|junger Mensch|Verfassung|Agrarerzeugnisse und Lebensmittel|Gliedstaat|Schienentransport|Bauindustrie und öffentliches Bauwesen|Baupolitik|Schienentransport|Straßenverkehr|Schienentransport|Bibliothek|Bürgerliches Recht|Europäische Union|Hochschulausbildung|soziale Sicherheit|Verteidigung	Agrarerzeugnisse und Lebensmittel|Gesundheit
2003-05-07	Tiermedizin|Tierschutz	Hochschulausbildung|Straßenverkehr|Politik der Zusammenarbeit|Straßenverkehr|Luftverkehr|Steuerwesen|Tiermedizin|Tierschutz|Verfassung|Öffentliche Finanzen und Haushaltspolitik|Umwelt	Parlamentsdebatte|soziale Sicherheit|Verteidigung|Sport|Vereinsleben|Versammlungsfreiheit|Handel|Industrie|Unternehmen und Wettbewerb|Gesetzgebungsverfahren|Handel|Industrie|Unternehmen und Wettbewerb|Verfassung|soziale Sicherheit|Sport|Vereinsleben|Versammlungsfreiheit|Tiermedizin|Tierschutz|Verfassung	Tiermedizin|Tierschutz
2003-05-08	direkt gewählte Kammer|Berufsverband	Tiermedizin|Tierschutz|Menschenrechte	Tiermedizin|Tierschutz|Gesetzgebungsverfahren|Informatik|Information und Informationsverarbeitung|Religion|Statistik|Gesetzgebungsverfahren|Informatik|Information und Informationsverarbeitung	direkt gewählte Kammer|Berufsverband
2003-05-23	direkt gewählte Kammer|Öffentliche Finanzen und Haushaltspolitik|Verfassung	direkt gewählte Kammer|Öffentliche Finanzen und Haushaltspolitik|Verfassung|Verfassung|Verteidigung|Bauindustrie und öffentliches Bauwesen|Baupolitik|Gliedstaat|Verteidigung	direkt gewählte Kammer|Öffentliche Finanzen und Haushaltspolitik|Verfassung|Verteidigung	direkt gewählte Kammer|Öffentliche Finanzen und Haushaltspolitik|Verfassung
2003-06-04	direkt gewählte Kammer	direkt gewählte Kammer|Straßenverkehr|Arbeitsrecht|ausländischer Staatsangehöriger|Frau|Gesetzgebungsverfahren|Gleichbehandlung|Menschenrechte|öffentliche Verwaltung|öffentlicher Dienst|direkt gewählte Kammer|soziale Sicherheit|Sozialpolitik	Tiermedizin|Tierschutz|Land- und Forstwirtschaft, Fischerei|Umwelt|Wasser|Wasserbewirtschaftung|Straßenverkehr|direkt gewählte Kammer|Agrarerzeugnisse und Lebensmittel|Land- und Forstwirtschaft, Fischerei|Verwaltungsrecht|Abfall|Abfallwirtschaft|Umwelt|Behinderter|Gesetzgebungsverfahren|Straßenverkehr|Umwelt|Verkehr|Agrarerzeugnisse und Lebensmittel|Land- und Forstwirtschaft, Fischerei|Verwaltungsrecht|Kulturpolitik|Kunst|Museum|direkt gewählte Kammer|soziale Sicherheit	direkt gewählte Kammer
2003-06-10		Verteidigung		
2003-06-11	Bildung|Organisation des Unterrichtswesens|Frau|Gleichbehandlung|Gliedstaat|namentliche Abstimmung|soziale Sicherheit	Bildung|Organisation des Unterrichtswesens|direkt gewählte Kammer|soziale Sicherheit	Bildung|Organisation des Unterrichtswesens|namentliche Abstimmung|namentliche Abstimmung|namentliche Abstimmung|Frau|Gleichbehandlung|namentliche Abstimmung|soziale Sicherheit|Sozialpolitik|namentliche Abstimmung	Bildung|Organisation des Unterrichtswesens|Frau|Gleichbehandlung|Gliedstaat|namentliche Abstimmung|soziale Sicherheit
2003-06-12	Land- und Forstwirtschaft, Fischerei	Land- und Forstwirtschaft, Fischerei|junger Mensch|Öffentliche Finanzen und Haushaltspolitik	Land- und Forstwirtschaft, Fischerei	Land- und Forstwirtschaft, Fischerei
2003-06-13			Finanzwesen|Finanzwesen|Gesetzgebungsverfahren|Agrarerzeugnisse und Lebensmittel|direkt gewählte Kammer|Zweite Kammer|Bürgerliches Recht|Gesetzgebungsverfahren|Land- und Forstwirtschaft, Fischerei	
2003-06-17		Sport|Bildung|Forschung und geistiges Eigentum|Handel|Industrie|Organisation des Unterrichtswesens|Unternehmen und Wettbewerb|Wissenschaften|namentliche Abstimmung	Geschäftsordnung des Parlaments|Gesetzgebungsverfahren|junger Mensch|parlamentarischer Ausschuss|Behinderter|Verfassung|namentliche Abstimmung	
2003-06-18	Wohnungspolitik|Straßenverkehr|Straßenverkehr|Verfassung|Schienentransport	Umwelt|Wasserbewirtschaftung|Arbeitsrecht|ausländischer Staatsangehöriger|Personalvertretung|Wahl|Wohnungspolitik|Bürgerliches Recht|Wohnungspolitik|Primarstufe|ausländischer Staatsangehöriger|Berufsverband|Wahl|ausländischer Staatsangehöriger|Wasserbau|Verfassung|Schienentransport|Straßenverkehr|Umwelt|Verkehr|Exekutive|Misstrauensantrag|Bildung|Organisation des Unterrichtswesens|Vereinfachung der Rechtsvorschriften	Gesetzgebungsverfahren|Land- und Forstwirtschaft, Fischerei|Wohnungspolitik|Bildung|Organisation des Unterrichtswesens|Sport|Gesetzgebungsverfahren|soziale Sicherheit|Gesetzgebungsverfahren|Steuerwesen|Bildung|Organisation des Unterrichtswesens|Sport|Verfassung|Schienentransport|Informatik|Information und Informationsverarbeitung|Öffentliche Finanzen und Haushaltspolitik	Wohnungspolitik|Straßenverkehr|Straßenverkehr|Verfassung|Schienentransport
2003-07-08	Europäische Union|Land- und Forstwirtschaft, Fischerei|Parlamentsdebatte|Europäische Union|Versicherungswesen|Europäische Union|Wasser|Wasserbewirtschaftung|öffentliches Eigentum|Unternehmensarten	Gesundheit|Arbeitsrecht|Gesundheit|ethnische Gruppe|Volkszählung|Land- und Forstwirtschaft, Fischerei|Umwelt|Europäische Union|Land- und Forstwirtschaft, Fischerei|Exekutive|Misstrauensantrag	Beschäftigung und Arbeitsbedingungen|Handel|Industrie|Unternehmen und Wettbewerb|öffentliches Eigentum|Unternehmensarten|Exekutive|Misstrauensantrag|Arbeitsrecht|Handel|Industrie|Unternehmen und Wettbewerb	Europäische Union|Land- und Forstwirtschaft, Fischerei|Parlamentsdebatte|Europäische Union|Versicherungswesen|Europäische Union|Wasser|Wasserbewirtschaftung|öffentliches Eigentum|Unternehmensarten
2003-07-09	Parlamentsdebatte|Straßenverkehr|junger Mensch|Straßenverkehr|Umwelt|ethnische Gruppe	Europäische Union|Land- und Forstwirtschaft, Fischerei|Umwelt|Verkehr|Internationale Beziehungen|internationales Abkommen|Hochschulausbildung|Internationale Beziehungen|Strafrecht|Straßenverkehr|Umwelt|Politik der Zusammenarbeit	Arbeitslosenversicherung|Gliedstaat|Sozialpolitik|Hochschulausbildung|Wasserbewirtschaftung|Ausbildungsbeihilfe|Hochschulausbildung|Bürgerliches Recht|Internationale Beziehungen|internationales Abkommen|Ausbildungsbeihilfe|Hochschulausbildung|Erwachsenenbildung|Hochschulausbildung|Internationale Beziehungen|Straßenverkehr|Politik der Zusammenarbeit	Parlamentsdebatte|Straßenverkehr|junger Mensch|Straßenverkehr|Umwelt|ethnische Gruppe
2003-07-10	namentliche Abstimmung|öffentliches Eigentum|Unternehmensarten	Familie|öffentliches Eigentum|Unternehmensarten|Luftverkehr|Steuerwesen	Glücksspiel|Handel|Industrie|Unternehmen und Wettbewerb|Familie|Geschäftsordnung des Parlaments|Glücksspiel|Handel|Industrie|Unternehmen und Wettbewerb|Agrarerzeugnisse und Lebensmittel|Wasser|Wasserbewirtschaftung|Bauindustrie und öffentliches Bauwesen|Baupolitik|Hochschulausbildung|Familie|Agrarerzeugnisse und Lebensmittel|Wasser|Wasserbewirtschaftung|Exekutive|Misstrauensantrag|namentliche Abstimmung|öffentliches Eigentum|Unternehmensarten|Familie	namentliche Abstimmung|öffentliches Eigentum|Unternehmensarten
2003-08-12	Öffentliche Finanzen und Haushaltspolitik|Europäische Union|Straßenverkehr	Bürgerliches Recht|Religion|Steuerwesen|Wirtschaft	Geschäftsordnung des Parlaments|Haushaltskontrolle|Verteidigung|Finanzwesen|Handel|Industrie|Unternehmen und Wettbewerb|Gesetzgebungsverfahren|Steuerwesen|Gesetzgebungsverfahren|Steuerwesen|Wirtschaft|Schienentransport|Beschäftigung und Arbeitsbedingungen|Steuerwesen|Wirtschaft|Europäische Union|Schienentransport|Straßenverkehr	Öffentliche Finanzen und Haushaltspolitik|Europäische Union|Straßenverkehr
2003-09-02	Öffentliche Finanzen und Haushaltspolitik|öffentliches Eigentum|Unternehmensarten	Beschäftigung und Arbeitsbedingungen|Öffentliche Finanzen und Haushaltspolitik|Umwelt|Exekutive|Misstrauensantrag|öffentliches Eigentum|Unternehmensarten	Öffentliche Finanzen und Haushaltspolitik|Exekutive|Misstrauensantrag|Unternehmensarten|namentliche Abstimmung|öffentliches Eigentum|Unternehmensarten	Öffentliche Finanzen und Haushaltspolitik|öffentliches Eigentum|Unternehmensarten
2003-09-24	Familie|Primarstufe|Hochschulausbildung|Öffentliche Finanzen und Haushaltspolitik|Gliedstaat|Öffentliche Finanzen und Haushaltspolitik|Zivilschutz|Bürgerliches Recht	Gesundheit|Sozialpolitik|Handel|Industrie|Unternehmen und Wettbewerb|Forschung und geistiges Eigentum|Hochschulausbildung|Wissenschaften|Gewerbeaufsicht|Bildung|Organisation des Unterrichtswesens|Parlamentsdebatte|Notar|Rechtsanwalt|Strafrecht|Agrarerzeugnisse und Lebensmittel|Agrarerzeugnisse und Lebensmittel|Hochschulausbildung|Öffentliche Finanzen und Haushaltspolitik|Luftverkehr|Schienentransport|Straßenverkehr|Umwelt|Straßenverkehr|Umwelt|Gesundheit|Hochschulausbildung|Einkommen|öffentliche Verwaltung|öffentlicher Dienst|Verwaltung und Entlohnung des Personals|Elektrizitätsindustrie|Energie|Umwelt|Wasserbau|Straßenverkehr|Internationale Beziehungen|Gesundheit|Gesundheit|Bildung|Organisation des Unterrichtswesens|Forschung und geistiges Eigentum|Hochschulausbildung|Öffentliche Finanzen und Haushaltspolitik|Wissenschaften|Hochschulausbildung|Öffentliche Finanzen und Haushaltspolitik|Geschäftsordnung des Parlaments|Hochschulausbildung|Bürgerliches Recht|Familie|Primarstufe|junger Mensch|Wahl	Straßenverkehr|öffentliches Eigentum|Wohnungspolitik|Sozialpolitik|Hochschulausbildung|Öffentliche Finanzen und Haushaltspolitik|Einkommen|Frau|Gleichbehandlung|Verteidigung|Verwaltung und Entlohnung des Personals|Sport|Umwelt|Internationale Beziehungen|Öffentliche Finanzen und Haushaltspolitik|Religion|Forschung und geistiges Eigentum|Hochschulausbildung|Öffentliche Finanzen und Haushaltspolitik|Wissenschaften|Hochschulausbildung|Öffentliche Finanzen und Haushaltspolitik|Kulturpolitik|Kunst|Öffentliche Finanzen und Haushaltspolitik|Wasserbau|Bürgerliches Recht|Handel|Industrie|Unternehmen und Wettbewerb|Geschäftsordnung des Parlaments|Hochschulausbildung|Öffentliche Finanzen und Haushaltspolitik|Wasserbau|Zivilschutz|Bürgerliches Recht|Finanzwesen	Familie|Primarstufe|Hochschulausbildung|Öffentliche Finanzen und Haushaltspolitik|Gliedstaat|Öffentliche Finanzen und Haushaltspolitik|Zivilschutz|Bürgerliches Recht
2003-10-14	Umwelt			Umwelt
2003-10-22		Gesundheit|Informatik|Information und Informationsverarbeitung|junger Mensch|Gesundheit|Informatik|Information und Informationsverarbeitung|Statistik|Bürgerliches Recht|Europäische Union|Kulturpolitik|Kunst|Steuerwesen|Exekutive|Misstrauensantrag	Steuerwesen|Bildung|Organisation des Unterrichtswesens|Geschäftsordnung des Parlaments|Haushaltskontrolle|Informatik|Information und Informationsverarbeitung|öffentliche Sicherheit|Straßen- und Brückenbau|Abfall|Abfallwirtschaft|Gesetzgebungsverfahren|Straßenverkehr|Wirtschaft	
2003-10-23	Wahl	Elektrizitätsindustrie|soziale Sicherheit|Flüchtling|Frau|Gleichbehandlung|Veröffentlichung des Gesetzes|Verwaltungsorganisation	Agrarerzeugnisse und Lebensmittel|Gesetzgebungsverfahren|Sozialpolitik|Verwaltungsrecht|Gesetzgebungsverfahren|Straßenverkehr|Verwaltungsorganisation	Wahl
2003-11-12	Arbeitsrecht	Umwelt|soziale Sicherheit|Agrarerzeugnisse und Lebensmittel|Gesundheit|Handel|Industrie|Unternehmen und Wettbewerb|Gesundheit|Handel|Industrie|Unternehmen und Wettbewerb|öffentliche Sicherheit|Tiermedizin|Tierschutz|Zolltarifpolitik|Exekutive|Misstrauensantrag|Bildung|Organisation des Unterrichtswesens	Europarat|Gesundheit|Arbeitsrecht|Gesundheit|soziale Sicherheit|Gesundheit|Bürgerliches Recht|Gesundheit|Gesundheit|Gesundheit|Gesundheit|Sozialpolitik|Gesundheit|junger Mensch|Gesundheit|Bürgerliches Recht|Gesundheit|Gesundheit|Gesundheit|soziale Sicherheit|Apotheke|Gesundheit|soziale Sicherheit|Bürgerliches Recht|Gesundheit|Gesundheit|junger Mensch|soziale Sicherheit|Gesundheit|Steuerwesen|Gesetzgebungsverfahren|Verfassung|Frau|Gleichbehandlung|Hochschulausbildung|Gesundheit|Gesundheit|junger Mensch|soziale Sicherheit|Gesundheit|Gesundheit|Gesundheit|soziale Sicherheit|Gesundheit|Gesundheit|Informatik|Information und Informationsverarbeitung|Gesundheit|Informatik|Information und Informationsverarbeitung|Schienentransport|Exekutive|Misstrauensantrag|Hochschulausbildung	Arbeitsrecht
2003-11-13	Presse|Buchprüfung|Bürgerliches Recht|Bürgerliches Recht|junger Mensch	Parlamentsdebatte|Straßenverkehr|Umwelt|öffentliche Sicherheit|Bürgerliches Recht|junger Mensch	Steuerwesen|Wohnungspolitik|Bürgerliches Recht|junger Mensch	Presse|Buchprüfung|Bürgerliches Recht|Bürgerliches Recht|junger Mensch
2003-12-03	Gesundheit|Sport|Frau|Gleichbehandlung|Raumordnung|Bildung|Europäische Union|Kulturpolitik|Kunst|öffentliche Sicherheit|Organisation des Unterrichtswesens|Verkehr|Elektrizitäts- und Kernkraftindustrie|ethnische Gruppe|Menschenrechte|völkerrechtliche Verantwortlichkeit|Straßenverkehr|Umwelt	Gesundheit|Post- und Fernmeldewesen|Forschung und geistiges Eigentum|Post- und Fernmeldewesen|Wissenschaften|Forschung und geistiges Eigentum|Wissenschaften|Informatik|Information und Informationsverarbeitung|Post- und Fernmeldewesen|Forschung und geistiges Eigentum|Wissenschaften|Gesundheit|Sport|Frau|Gleichbehandlung|Raumordnung|Europäische Union|Internationale Beziehungen|Forschung und geistiges Eigentum|Steuerwesen|Wissenschaften|Forschung und geistiges Eigentum|Wissenschaften	Bildung|junger Mensch|Organisation des Unterrichtswesens|Erwachsenenbildung|Gesundheit|Sport|Wohnungspolitik|Frau|Gleichbehandlung|Raumordnung|Beschäftigung und Arbeitsbedingungen|Europäische Union|Handel|Industrie|Straßenverkehr|Unternehmen und Wettbewerb|Verkehr|Wirtschaft|Europäische Union|Internationale Beziehungen	Gesundheit|Sport|Frau|Gleichbehandlung|Raumordnung|Bildung|Europäische Union|Kulturpolitik|Kunst|öffentliche Sicherheit|Organisation des Unterrichtswesens|Verkehr|Elektrizitäts- und Kernkraftindustrie|ethnische Gruppe|Menschenrechte|völkerrechtliche Verantwortlichkeit|Straßenverkehr|Umwelt
2003-12-04	ehrende Auszeichnung|Verteidigung|Steuerwesen|Umwelt|Bauindustrie und öffentliches Bauwesen|Baupolitik|Informatik|Information und Informationsverarbeitung|Statistik|Wohnungspolitik|Schienentransport|öffentliche Sicherheit|Tiermedizin|Tierschutz	Forschung und geistiges Eigentum|Handel|Industrie|Steuerwesen|Unternehmen und Wettbewerb|Wissenschaften|Beschäftigung und Arbeitsbedingungen|Kulturpolitik|Kunst|Umwelt|Verkehr|Verkehr|Straßenverkehr|Arbeitsrecht|Beschäftigung und Arbeitsbedingungen|öffentliche Sicherheit|Tiermedizin|Tierschutz	direkt gewählte Kammer|Handel|Industrie|Unternehmen und Wettbewerb|öffentliche Sicherheit|Statistik|Arbeitsrecht|Gesundheit|Arbeitsrecht|Schienentransport|Bauindustrie und öffentliches Bauwesen|Baupolitik|Schienentransport|Gesundheit|Informatik|Information und Informationsverarbeitung|Apotheke|Gesundheit|Handel|Industrie|Unternehmen und Wettbewerb|Beschäftigung und Arbeitsbedingungen|junger Mensch|Primarstufe|Bauindustrie und öffentliches Bauwesen|Baupolitik|Schienentransport|soziale Sicherheit|öffentliche Sicherheit|Tiermedizin|Tierschutz|Gesundheit|soziale Sicherheit|Gesundheit|Gewerbeaufsicht|soziale Sicherheit	ehrende Auszeichnung|Verteidigung|Steuerwesen|Umwelt|Bauindustrie und öffentliches Bauwesen|Baupolitik|Informatik|Information und Informationsverarbeitung|Statistik|Wohnungspolitik|Schienentransport|öffentliche Sicherheit|Tiermedizin|Tierschutz
2003-12-11	Buchprüfung|Finanzwesen	Buchprüfung|Finanzwesen	Buchprüfung|Finanzwesen	Buchprüfung|Finanzwesen
2004-01-13		Filmindustrie|Vereinsleben|Versammlungsfreiheit	Beschäftigung und Arbeitsbedingungen|Sozialpolitik|Beschäftigung und Arbeitsbedingungen|junger Mensch|Primarstufe|Steuerwesen|Beschäftigung und Arbeitsbedingungen	
2004-01-14			Geschäftsordnung des Parlaments	
2004-01-20	Bürgerliches Recht|Elektrizitäts- und Kernkraftindustrie|Europäische Union|Umwelt	Bürgerliches Recht	Bürgerliches Recht	Bürgerliches Recht|Elektrizitäts- und Kernkraftindustrie|Europäische Union|Umwelt
2004-01-22	Geodäsie|Informatik|Information und Informationsverarbeitung			Geodäsie|Informatik|Information und Informationsverarbeitung
2004-01-28	Steuerwesen	Post- und Fernmeldewesen|Verkehr|Agrarerzeugnisse und Lebensmittel|Bauindustrie und öffentliches Bauwesen|Baupolitik|Gesundheit|Wasser|Wasserbewirtschaftung|Grenze|Tiermedizin|Tierschutz|Abfall|Abfallwirtschaft|Handel|Industrie|Post- und Fernmeldewesen|Unternehmen und Wettbewerb|Flüchtling	Familie|Familie|Gesundheit|junger Mensch|Sport|Tourismus|Flüchtling|Exekutive|Misstrauensantrag	Steuerwesen
2004-01-29	Handel|Industrie|Unternehmen und Wettbewerb|Arbeitsrecht|Land- und Forstwirtschaft, Fischerei	Finanzwesen|Politik der Zusammenarbeit|Vereinte Nationen|Elektrizitäts- und Kernkraftindustrie|Europäische Union|Bürgerliches Recht|Statistik|Verwaltungsreform	Straßenverkehr|Straßenverkehr|Elektrizitäts- und Kernkraftindustrie|Europäische Union|Bürgerliches Recht|Statistik|Verwaltungsreform	Handel|Industrie|Unternehmen und Wettbewerb|Arbeitsrecht|Land- und Forstwirtschaft, Fischerei
2004-02-10	namentliche Abstimmung|soziale Sicherheit|soziale Sicherheit|Sozialpolitik	Exekutive|Geschäftsordnung des Parlaments|Haushaltskontrolle|Steuerwesen|Tiermedizin|Tierschutz|Steuerwesen	Bauindustrie und öffentliches Bauwesen|Baupolitik|Schienentransport|Opferhilfe|Strafrecht|soziale Sicherheit|Verfassung|Steuerwesen|namentliche Abstimmung|Parlamentsdebatte|soziale Sicherheit|soziale Sicherheit|Gesundheit|öffentliche Verwaltung|öffentlicher Dienst|soziale Sicherheit	namentliche Abstimmung|soziale Sicherheit|soziale Sicherheit|Sozialpolitik
2004-02-12	Internationale Beziehungen|Menschenrechte	Internationale Beziehungen|Menschenrechte	Internationale Beziehungen|Menschenrechte	Internationale Beziehungen|Menschenrechte
2004-02-20	Opferhilfe|Strafrecht	Opferhilfe|Strafrecht	Opferhilfe|Strafrecht	Opferhilfe|Strafrecht
2004-02-25	namentliche Abstimmung	Hochschulausbildung|Öffentliche Finanzen und Haushaltspolitik|Steuerwesen|Verkehr|Gesundheit|Post- und Fernmeldewesen|soziale Sicherheit|Europäische Union|Land- und Forstwirtschaft, Fischerei|Handel|Industrie|Unternehmen und Wettbewerb|Exekutive|Misstrauensantrag|Hochschulausbildung|Exekutive|Misstrauensantrag|namentliche Abstimmung	Hochschulausbildung|Öffentliche Finanzen und Haushaltspolitik|Arbeitslosenversicherung|Gesetzgebungsverfahren|Arbeitslosenversicherung|Arbeitsrecht|Familie|Arbeitslosenversicherung|Preis|Statistik|Tourismus|Gesetzgebungsverfahren|Straßen- und Brückenbau|Exekutive|Misstrauensantrag|Hochschulausbildung|Exekutive|Misstrauensantrag|namentliche Abstimmung	namentliche Abstimmung
2004-02-26	Abfall|Abfallwirtschaft|namentliche Abstimmung|Straßenverkehr	Verkehr	Straßenverkehr|Bürgerliches Recht|Handel|Industrie|Informatik|Information und Informationsverarbeitung|Unternehmen und Wettbewerb|Beschäftigung und Arbeitsbedingungen|junger Mensch|Strafrecht	Abfall|Abfallwirtschaft|namentliche Abstimmung|Straßenverkehr
2004-03-10	Land- und Forstwirtschaft, Fischerei			Land- und Forstwirtschaft, Fischerei
2004-03-16	Verteidigung	Behinderter|Steuerwesen|soziale Sicherheit|Behinderter|Fernsehen|Hörfunk	Bildung|Bürgerliches Recht|Handel|Industrie|Informatik|Information und Informationsverarbeitung|Organisation des Unterrichtswesens|Unternehmen und Wettbewerb|Agrarerzeugnisse und Lebensmittel|Verteidigung	Verteidigung
2004-03-24	öffentliche Sicherheit	öffentliche Verwaltung|öffentlicher Dienst|Personalvertretung|Beschäftigung und Arbeitsbedingungen|Internationale Beziehungen	Gesetzgebungsverfahren|Steuerwesen|Agrarerzeugnisse und Lebensmittel|Europäische Union|Land- und Forstwirtschaft, Fischerei|Flüchtling|Gliedstaat|Beschäftigung und Arbeitsbedingungen|Flüchtling|soziale Sicherheit|Beschäftigung und Arbeitsbedingungen	öffentliche Sicherheit
2004-03-25	Bildung|Organisation des Unterrichtswesens|Tourismus|Forschung und geistiges Eigentum|Wissenschaften	Finanzwesen|internationales Arbeitsrecht|Sport|Gesetzgebungsverfahren|Land- und Forstwirtschaft, Fischerei|Umwelt|Frau|Gesundheit|Gleichbehandlung	Agrarerzeugnisse und Lebensmittel|Gesundheit|Handel|Industrie|Informatik|Information und Informationsverarbeitung|Unternehmen und Wettbewerb|Gesetzgebungsverfahren|Tiermedizin|Tierschutz|Gesetzgebungsverfahren|Steuerwesen|Tourismus|Sport|Agrarerzeugnisse und Lebensmittel|Gesundheit|Sport|Verwaltungsorganisation|Zolltarifpolitik	Bildung|Organisation des Unterrichtswesens|Tourismus|Forschung und geistiges Eigentum|Wissenschaften
2004-05-05	Strafrecht|öffentliche Verwaltung|öffentlicher Dienst|Zolltarifpolitik|Notar|Rechtsanwalt|Straßenverkehr	Forschung und geistiges Eigentum|Tiermedizin|Tierschutz|Wissenschaften|Agrarerzeugnisse und Lebensmittel|Land- und Forstwirtschaft, Fischerei|Wahl|Energie|öffentliches Eigentum|Verfassung	Bürgerliches Recht|Steuerwesen|Gesundheit|Handel|Industrie|Sport|Unternehmen und Wettbewerb|Beschäftigung und Arbeitsbedingungen|Europäische Union|Handel|Industrie|Unternehmen und Wettbewerb|Verkehr|Wirtschaft	Strafrecht|öffentliche Verwaltung|öffentlicher Dienst|Zolltarifpolitik|Notar|Rechtsanwalt|Straßenverkehr
2004-05-06	Finanzwesen|Finanzausgleich		Beschäftigung und Arbeitsbedingungen|Frau|Gleichbehandlung|Sport|Frau|Gleichbehandlung|Sport|Bildung|Organisation des Unterrichtswesens|Tourismus|direkt gewählte Kammer|öffentliche Verwaltung|öffentlicher Dienst|Straßenverkehr|Handel|Industrie|Unternehmen und Wettbewerb|Finanzausgleich|Gliedstaat|namentliche Abstimmung|Finanzausgleich|Gliedstaat|Steuerwesen|Handel|Industrie|Unternehmen und Wettbewerb	Finanzwesen|Finanzausgleich
2004-05-25	Elektrizitätsindustrie|Tiermedizin|Tierschutz|Verfassung|Elektrizitätsindustrie|Religion|Tiermedizin|Tierschutz	Tiermedizin|Tierschutz|Verfassung|Religion|Tiermedizin|Tierschutz	Elektrizitätsindustrie|Tiermedizin|Tierschutz|Verfassung|Elektrizitätsindustrie|Religion|Tiermedizin|Tierschutz	Elektrizitätsindustrie|Tiermedizin|Tierschutz|Verfassung|Elektrizitätsindustrie|Religion|Tiermedizin|Tierschutz
2004-05-26	Handel|Industrie|Preis|Unternehmen und Wettbewerb|Elektrizitäts- und Kernkraftindustrie|Ausbildungsbeihilfe	Elektrizitäts- und Kernkraftindustrie|Parlamentsdebatte|Handel|Industrie|Preis|Unternehmen und Wettbewerb|Forschung und geistiges Eigentum|Hochschulausbildung|Wissenschaften|Gliedstaat|Primarstufe|Ausbildungsbeihilfe	Raumordnung|Straßenverkehr|Straßenverkehr|Handel|Industrie|Preis|Unternehmen und Wettbewerb|Forschung und geistiges Eigentum|Hochschulausbildung|Wissenschaften|Elektrizitäts- und Kernkraftindustrie|Europäische Union|partizipative Demokratie|Europäische Union|Exekutive|Misstrauensantrag|öffentliche Verwaltung|öffentlicher Dienst	Handel|Industrie|Preis|Unternehmen und Wettbewerb|Elektrizitäts- und Kernkraftindustrie|Ausbildungsbeihilfe
2004-05-27	Tiermedizin|Tierschutz|Europäische Union|Internationale Beziehungen|Wasser|Wasserbewirtschaftung	Agrarerzeugnisse und Lebensmittel|Handel|Industrie|Unternehmen und Wettbewerb|Internationale Beziehungen|Menschenrechte|Gesetzgebungsverfahren|Verfassung|Agrarerzeugnisse und Lebensmittel|Bürgerliches Recht|Steuerwesen|Europäische Union|Internationale Beziehungen|internationales Arbeitsrecht|Sport|Tiermedizin|Tierschutz	Wasserbewirtschaftung|Handel|Industrie|junger Mensch|Steuerwesen|Unternehmen und Wettbewerb|Handel|Industrie|junger Mensch|Steuerwesen|Unternehmen und Wettbewerb|Fernsehen|Hörfunk|Sport|Preis|Tiermedizin|Tierschutz|Europäische Union|Internationale Beziehungen|Bürgerliches Recht|Handel|Industrie|Unternehmen und Wettbewerb|Europäische Union|Wasser|Wasserbewirtschaftung|internationales Arbeitsrecht|Sport	Tiermedizin|Tierschutz|Europäische Union|Internationale Beziehungen|Wasser|Wasserbewirtschaftung
2004-06-04	Europäische Union|Internationale Beziehungen	Elektrizitäts- und Kernkraftindustrie|Europäische Union	Elektrizitäts- und Kernkraftindustrie|Europäische Union	Europäische Union|Internationale Beziehungen
2004-06-16	Hochschulausbildung|Finanzwesen|Sekundarstufe|Öffentliche Finanzen und Haushaltspolitik|Primarstufe|Sekundarstufe	Tiermedizin|Tierschutz|Gerichtswesen|Handel|Industrie|Unternehmen und Wettbewerb	Öffentliche Finanzen und Haushaltspolitik	Hochschulausbildung|Finanzwesen|Sekundarstufe|Öffentliche Finanzen und Haushaltspolitik|Primarstufe|Sekundarstufe
2004-06-17	Opferhilfe|öffentliches Eigentum|Straßen- und Brückenbau|völkerrechtliche Verantwortlichkeit|Schienentransport	Opferhilfe|Bildung|Organisation des Unterrichtswesens|völkerrechtliche Verantwortlichkeit|Land- und Forstwirtschaft, Fischerei|Agrarerzeugnisse und Lebensmittel	Opferhilfe|Bildung|Organisation des Unterrichtswesens|Gesetzgebungsverfahren|Glücksspiel|Sport|Handel|Industrie|Unternehmen und Wettbewerb|völkerrechtliche Verantwortlichkeit|Land- und Forstwirtschaft, Fischerei	Opferhilfe|öffentliches Eigentum|Straßen- und Brückenbau|völkerrechtliche Verantwortlichkeit|Schienentransport
2004-06-28	Fernsehen|Hörfunk|Sport|Internationale Beziehungen|Menschenrechte	Agrarerzeugnisse und Lebensmittel|Wohnungspolitik|Sport|Internationale Beziehungen|Menschenrechte	Sport|Internationale Beziehungen|Menschenrechte	Fernsehen|Hörfunk|Sport|Internationale Beziehungen|Menschenrechte
2004-06-29	Steuerwesen|Verfassungsgerichtsbarkeit|Verwaltungsgerichtsbarkeit			Steuerwesen|Verfassungsgerichtsbarkeit|Verwaltungsgerichtsbarkeit
2004-06-30	Öffentliche Finanzen und Haushaltspolitik|Zivilschutz|Behinderter|Sekundarstufe|Erwachsenenbildung			Öffentliche Finanzen und Haushaltspolitik|Zivilschutz|Behinderter|Sekundarstufe|Erwachsenenbildung
2004-07-07	soziale Sicherheit	Behinderter|Bildung|Gesetzgebungsverfahren|Organisation des Unterrichtswesens|Verfassung|Schienentransport	Beschäftigung und Arbeitsbedingungen|Frau|Gleichbehandlung|Öffentliche Finanzen und Haushaltspolitik|Beschäftigung und Arbeitsbedingungen|Familie|Frau|Gleichbehandlung|Gliedstaat|Steuerwesen|Verwaltungsorganisation|Zolltarifpolitik|Familienleistungsausgleich	soziale Sicherheit
2004-07-09	Fernsehen|Hörfunk|Verwaltungsorganisation|Behinderter	Gesetzgebungsverfahren|Strafrecht|Strafrecht|Bürgerliches Recht|Behinderter	Post- und Fernmeldewesen|Frau|Gleichbehandlung|soziale Sicherheit|internationales Arbeitsrecht|Frau|Gleichbehandlung|soziale Sicherheit|Beschäftigung und Arbeitsbedingungen|Frau|Gleichbehandlung|Wohnungspolitik|Abfall|Abfallwirtschaft|Gesetzgebungsverfahren|Beschäftigung und Arbeitsbedingungen|Frau|Gleichbehandlung|Behinderter	Fernsehen|Hörfunk|Verwaltungsorganisation|Behinderter
2004-08-31		Energie|Finanzwesen|Politik der Zusammenarbeit	Exekutive|Unternehmensarten|Verfassung|Unternehmensarten|Exekutive|Misstrauensantrag|öffentliches Eigentum|Post- und Fernmeldewesen|Unternehmensarten	
2004-09-22	Behinderter|Verfassung|soziale Sicherheit	Parlamentsdebatte|soziale Sicherheit|Land- und Forstwirtschaft, Fischerei|Behinderter|Straßenverkehr|Einkommen|Familie|junger Mensch|Verwaltung und Entlohnung des Personals|Familie	Gesetzgebungsverfahren|Wohnungspolitik|Agrarerzeugnisse und Lebensmittel|Land- und Forstwirtschaft, Fischerei|Verwaltungsrecht|öffentliche Sicherheit|Statistik|Strafrecht	Behinderter|Verfassung|soziale Sicherheit
2004-10-06	Bürgerliches Recht|Bürgerliches Recht|Gerichtswesen	Bürgerliches Recht|Bürgerliches Recht|Gerichtswesen	Bürgerliches Recht|Bürgerliches Recht|Gerichtswesen	Bürgerliches Recht|Bürgerliches Recht|Gerichtswesen
2004-10-13	Geschäftsordnung des Parlaments|Gliedstaat|Sozialpolitik|Gliedstaat|Sozialpolitik	Straßenverkehr|Behinderter|Sport|Land- und Forstwirtschaft, Fischerei|Exekutive|Misstrauensantrag	Parlamentsdebatte|Sozialpolitik|Haushaltskontrolle|Museum|Europäische Union|Land- und Forstwirtschaft, Fischerei	Geschäftsordnung des Parlaments|Gliedstaat|Sozialpolitik|Gliedstaat|Sozialpolitik
2004-10-14			Straßenverkehr|Sozialpolitik	
2004-10-21	Flüchtling|Parlamentsdebatte|Verfassungsgerichtsbarkeit|Verwaltungsgerichtsbarkeit	Land- und Forstwirtschaft, Fischerei		
2004-11-09	Sport	Sport	Beschäftigung und Arbeitsbedingungen|soziale Sicherheit	Sport
2004-11-10	Hochschulausbildung	Berufsverband	Gesetzgebungsverfahren|öffentliche Verwaltung|öffentlicher Dienst|Schienentransport|Exekutive|Misstrauensantrag|öffentliche Verwaltung|öffentlicher Dienst	Hochschulausbildung
2004-11-11	Land- und Forstwirtschaft, Fischerei|Raumordnung	Berufsverband	Schienentransport|Europäische Union|Gliedstaat|Land- und Forstwirtschaft, Fischerei|Raumordnung	Land- und Forstwirtschaft, Fischerei|Raumordnung
2004-11-12	soziale Sicherheit			soziale Sicherheit
2004-11-16	Fernsehen|Hörfunk|Behinderter|Bildung|Organisation des Unterrichtswesens	Informatik|Information und Informationsverarbeitung|Post- und Fernmeldewesen|Bildung|Organisation des Unterrichtswesens	Hochschulausbildung|Öffentliche Finanzen und Haushaltspolitik|öffentliche Verwaltung|öffentlicher Dienst|Verwaltungsorganisation|Bildung|Öffentliche Finanzen und Haushaltspolitik|Organisation des Unterrichtswesens|Bildung|Organisation des Unterrichtswesens|Bildung|Organisation des Unterrichtswesens|Hochschulausbildung|öffentliche Sicherheit	Fernsehen|Hörfunk|Behinderter|Bildung|Organisation des Unterrichtswesens
2004-11-17	Beschäftigung und Arbeitsbedingungen|Behinderter|Verfassung	Post- und Fernmeldewesen|direkt gewählte Kammer|Gliedstaat|Post- und Fernmeldewesen	Beschäftigung und Arbeitsbedingungen|Verfassung|soziale Sicherheit|öffentliches Eigentum|Unternehmensarten	Beschäftigung und Arbeitsbedingungen|Behinderter|Verfassung
2004-11-18	Post- und Fernmeldewesen|Verfassungsgerichtsbarkeit|Verwaltungsgerichtsbarkeit|soziale Sicherheit	Bürgerliches Recht|Menschenrechte|Gliedstaat|Politische Partei|Wahl|direkt gewählte Kammer	Straßen- und Brückenbau|soziale Sicherheit	Post- und Fernmeldewesen|Verfassungsgerichtsbarkeit|Verwaltungsgerichtsbarkeit|soziale Sicherheit
2004-12-01	öffentliche Verwaltung|öffentlicher Dienst|Gesundheit|Gliedstaat|Sozialpolitik	Gesundheit|Gliedstaat|Sozialpolitik	Gesundheit|Gliedstaat|Sozialpolitik	öffentliche Verwaltung|öffentlicher Dienst|Gesundheit|Gliedstaat|Sozialpolitik
2004-12-02	Informatik|Information und Informationsverarbeitung|Tiermedizin|Tierschutz|Umwelt|Verwaltungsrecht	Informatik|Information und Informationsverarbeitung|Tiermedizin|Tierschutz	Informatik|Information und Informationsverarbeitung|Tiermedizin|Tierschutz	Informatik|Information und Informationsverarbeitung|Tiermedizin|Tierschutz|Umwelt|Verwaltungsrecht
2004-12-09	Ausbildungsbeihilfe|Sport|öffentliche Verwaltung|öffentlicher Dienst|Bildung|Organisation des Unterrichtswesens|öffentliche Sicherheit|Tabak|Zolltarifpolitik|Bildung|Organisation des Unterrichtswesens|Verfassung	Europäische Union|Land- und Forstwirtschaft, Fischerei|Handel|Industrie|Informatik|Information und Informationsverarbeitung|Unternehmen und Wettbewerb|Umwelt|öffentliche Verwaltung|öffentlicher Dienst|öffentliche Sicherheit|Tabak|Zolltarifpolitik|Land- und Forstwirtschaft, Fischerei|Straßenverkehr|Umwelt|Bildung|Organisation des Unterrichtswesens|Verfassung	Gesundheit|öffentliche Sicherheit|Bildung|Organisation des Unterrichtswesens|Sport|Post- und Fernmeldewesen|Sport|öffentliche Verwaltung|öffentlicher Dienst|Umwelt|Verwaltungsrecht|öffentliche Sicherheit|Tabak|Zolltarifpolitik|öffentliche Verwaltung|öffentlicher Dienst|soziale Sicherheit|öffentliche Sicherheit|Verwaltungsorganisation	Ausbildungsbeihilfe|Sport|öffentliche Verwaltung|öffentlicher Dienst|Bildung|Organisation des Unterrichtswesens|öffentliche Sicherheit|Tabak|Zolltarifpolitik|Bildung|Organisation des Unterrichtswesens|Verfassung
2004-12-10	junger Mensch|Finanzwesen|Steuerwesen	Arbeitsrecht|Gesundheit|Gewerbeaufsicht|Arbeitsrecht|Gewerbeaufsicht|Hochschulausbildung|Wahl|Bürgerliches Recht|Frau|Gleichbehandlung|Post- und Fernmeldewesen|Raumordnung|ausländischer Staatsangehöriger|Hochschulausbildung|Wahl	Bürgerliches Recht|Hochschulausbildung|Wahl|Behinderter|Fernsehen|Hörfunk|Bürgerliches Recht|Frau|Gleichbehandlung|ausländischer Staatsangehöriger|Hochschulausbildung|Wahl	junger Mensch|Finanzwesen|Steuerwesen
2004-12-20			Geschäftsordnung des Parlaments	
2004-12-22	Europäische Union|partizipative Demokratie	Internationale Beziehungen|Menschenrechte|Bürgerliches Recht|Frau|Gleichbehandlung|Internationale Beziehungen|Europäische Union|partizipative Demokratie	Internationale Beziehungen|Menschenrechte|Gesetzgebungsverfahren|Handel|Industrie|Unternehmen und Wettbewerb|Bürgerliches Recht|Frau|Gleichbehandlung|Internationale Beziehungen|Europäische Union|partizipative Demokratie	Europäische Union|partizipative Demokratie
2005-01-26	Umwelt|Informatik|Information und Informationsverarbeitung|Preis|Tabak|namentliche Abstimmung|Umwelt	Exekutive|soziale Sicherheit|Umwelt|Exekutive|Internationale Beziehungen|Steuerwesen|Verteidigung	Informatik|Information und Informationsverarbeitung|öffentliche Sicherheit|Agrarerzeugnisse und Lebensmittel|öffentliche Verwaltung|öffentlicher Dienst|Flüchtling|Arbeitsrecht|Gesetzgebungsverfahren|Handel|Industrie|Unternehmen und Wettbewerb|Umwelt|Öffentliche Finanzen und Haushaltspolitik|Menschenrechte|Völkerrecht|Handel|Industrie|Unternehmen und Wettbewerb|Frau|Gleichbehandlung|soziale Sicherheit|Exekutive|Staatsangehöriger|Straßen- und Brückenbau|soziale Sicherheit|Frau|Gleichbehandlung|soziale Sicherheit|Öffentliche Finanzen und Haushaltspolitik|Opferhilfe|Vereinsleben|Versammlungsfreiheit|Ausbildungsbeihilfe|Ausbildungsbeihilfe|Hochschulausbildung|Verteidigung	Umwelt|Informatik|Information und Informationsverarbeitung|Preis|Tabak|namentliche Abstimmung|Umwelt
2005-02-04	Steuerwesen|Steuerwesen	Strafrecht|Steuerwesen|Primarstufe	Bauindustrie und öffentliches Bauwesen|Baupolitik|Sport|Wohnungspolitik|Steuerwesen|Verteidigung	Steuerwesen|Steuerwesen
2005-02-17	Bauindustrie und öffentliches Bauwesen|Baupolitik|Kulturpolitik|Kunst	Bauindustrie und öffentliches Bauwesen|Baupolitik|Kulturpolitik|Kunst	Bauindustrie und öffentliches Bauwesen|Baupolitik|Kulturpolitik|Kunst	Bauindustrie und öffentliches Bauwesen|Baupolitik|Kulturpolitik|Kunst
2005-03-02	Bildung|Organisation des Unterrichtswesens|Fernsehen|Hörfunk|Bildung|Organisation des Unterrichtswesens|Verfassung	Straßenverkehr|ausländischer Staatsangehöriger|Behinderter|Bildung|Organisation des Unterrichtswesens|Bildung|öffentliche Verwaltung|öffentlicher Dienst|Organisation des Unterrichtswesens|Opferhilfe|Strafrecht|Verfassung|Verteidigung|Exekutive|öffentliche Verwaltung|öffentlicher Dienst|Straßenverkehr	Handel|Industrie|Land- und Forstwirtschaft, Fischerei|Straßenverkehr|Umwelt|Unternehmen und Wettbewerb|Gesetzgebungsverfahren|Straßenverkehr|Wohnungspolitik|Frau|Gesundheit|Gleichbehandlung|Bauindustrie und öffentliches Bauwesen|Baupolitik|Schienentransport|Statistik|Straßenverkehr|Zivildienst|Opferhilfe|Strafrecht|Gesetzgebungsverfahren|Umwelt|Zivildienst|Exekutive|öffentliche Verwaltung|öffentlicher Dienst|Europäische Union|Handel|Industrie|Informatik|Information und Informationsverarbeitung|Unternehmen und Wettbewerb	Bildung|Organisation des Unterrichtswesens|Fernsehen|Hörfunk|Bildung|Organisation des Unterrichtswesens|Verfassung
2005-03-03	Europäische Union|Frau|Gleichbehandlung|Vereinte Nationen|Straßen- und Brückenbau|direkt gewählte Kammer	Menschenrechte|Europäische Union|Frau|Gleichbehandlung|Vereinte Nationen|Familienleistungsausgleich|Bildung|Organisation des Unterrichtswesens|Personenstand|Arbeitsrecht|Familie|Gliedstaat|junger Mensch|Verfassung|direkt gewählte Kammer|Schienentransport|Umwelt|Verkehr	Verteidigung|Gesundheit|Sozialpolitik|Familienleistungsausgleich|Frau|Gesundheit|Gleichbehandlung|Europäische Union|Frau|Gleichbehandlung|Vereinte Nationen|soziale Sicherheit|Bildung|Organisation des Unterrichtswesens|Verfassung|Handel|Industrie|Unternehmen und Wettbewerb|Arbeitsrecht|Familienleistungsausgleich|Gesundheit|Steuerwesen|Gesundheit|soziale Sicherheit|Gesundheit|soziale Sicherheit|Familie|Gliedstaat|junger Mensch|Verfassung|Gesundheit|Informatik|Information und Informationsverarbeitung|Schienentransport|Verfassung|direkt gewählte Kammer	Europäische Union|Frau|Gleichbehandlung|Vereinte Nationen|Straßen- und Brückenbau|direkt gewählte Kammer
2005-03-10	Bildung|Organisation des Unterrichtswesens|Verfassung			Bildung|Organisation des Unterrichtswesens|Verfassung
2005-03-31	Agrarerzeugnisse und Lebensmittel|Land- und Forstwirtschaft, Fischerei|Tiermedizin|Tierschutz	Agrarerzeugnisse und Lebensmittel|ausländischer Staatsangehöriger|Primarstufe	Wohnungspolitik|Bildung|Organisation des Unterrichtswesens|Verfassung|Gesundheit|junger Mensch|Gesundheit|junger Mensch|Gesundheit|junger Mensch|Bildung|Organisation des Unterrichtswesens|Verfassung	Agrarerzeugnisse und Lebensmittel|Land- und Forstwirtschaft, Fischerei|Tiermedizin|Tierschutz
2005-04-01		Behinderter|Straßenverkehr	Agrarerzeugnisse und Lebensmittel|Agrarerzeugnisse und Lebensmittel|Arbeitslosenversicherung	
2005-04-05		Exekutive|Parlamentarier|Parlamentsdebatte|Politische Partei|Exekutive|Misstrauensantrag|namentliche Abstimmung	Forschung und geistiges Eigentum|Wissenschaften	
2005-04-06	Tiermedizin|Tierschutz|Europäische Union|Handel|Industrie|Land- und Forstwirtschaft, Fischerei|Unternehmen und Wettbewerb|namentliche Abstimmung|Schienentransport	Agrarerzeugnisse und Lebensmittel|Land- und Forstwirtschaft, Fischerei|Strafrecht|Land- und Forstwirtschaft, Fischerei|Agrarerzeugnisse und Lebensmittel|Land- und Forstwirtschaft, Fischerei|Tiermedizin|Tierschutz|Europäische Union|Handel|Industrie|Land- und Forstwirtschaft, Fischerei|Unternehmen und Wettbewerb	Strafrecht|Bürgerliches Recht|Gesetzgebungsverfahren|Gliedstaat|namentliche Abstimmung|Schienentransport|Tiermedizin|Tierschutz|Europäische Union|Handel|Industrie|Land- und Forstwirtschaft, Fischerei|Unternehmen und Wettbewerb|Land- und Forstwirtschaft, Fischerei|Schienentransport|Umwelt|Verfassung	Tiermedizin|Tierschutz|Europäische Union|Handel|Industrie|Land- und Forstwirtschaft, Fischerei|Unternehmen und Wettbewerb|namentliche Abstimmung|Schienentransport
2005-04-07	Umwelt|Parlamentsdebatte|Straßenverkehr|direkt gewählte Kammer|Europäische Union|Geschäftsordnung des Parlaments|Gesetzgebungsverfahren	Straßen- und Brückenbau|Bildung|Öffentliche Finanzen und Haushaltspolitik|Organisation des Unterrichtswesens|Straßenverkehr|soziale Sicherheit|Sozialpolitik|direkt gewählte Kammer|Europäische Union|Geschäftsordnung des Parlaments|Gesetzgebungsverfahren|Exekutive|Straßenverkehr|soziale Sicherheit|Sozialpolitik	direkt gewählte Kammer|Europäische Union|Geschäftsordnung des Parlaments|Gesetzgebungsverfahren|soziale Sicherheit|Sozialpolitik	Umwelt|direkt gewählte Kammer|Europäische Union|Geschäftsordnung des Parlaments|Gesetzgebungsverfahren
2005-04-12	Beschäftigung und Arbeitsbedingungen|Primarstufe	Familie|Frau|Gesetzgebungsverfahren|Gleichbehandlung|soziale Sicherheit|Beschäftigung und Arbeitsbedingungen|Primarstufe	direkt gewählte Kammer|Arbeitsrecht|Gesetzgebungsverfahren|Beschäftigung und Arbeitsbedingungen|Primarstufe	Beschäftigung und Arbeitsbedingungen|Primarstufe
2005-04-19	Opferhilfe	Opferhilfe	Opferhilfe	Opferhilfe
2005-04-21	Bildung|junger Mensch|Organisation des Unterrichtswesens|Sport	Bildung|junger Mensch|Organisation des Unterrichtswesens|Sport	Bildung|junger Mensch|Organisation des Unterrichtswesens|Sport	Bildung|junger Mensch|Organisation des Unterrichtswesens|Sport
2005-04-27		Verfassung|Zweite Kammer|Bildung|Organisation des Unterrichtswesens|Sport|Land- und Forstwirtschaft, Fischerei|Preis|Informatik|Information und Informationsverarbeitung|Post- und Fernmeldewesen	Ausweis|Informatik|Information und Informationsverarbeitung|Geschäftsordnung des Parlaments|Handel|Haushaltskontrolle|Industrie|Unternehmen und Wettbewerb|Verteidigung	
2005-05-03	Menschenrechte|Vereinte Nationen	Menschenrechte|Vereinte Nationen	Menschenrechte|Vereinte Nationen	Menschenrechte|Vereinte Nationen
2005-05-11	Familie|Frau|Gleichbehandlung|Sozialpolitik|Strafrecht|Gesundheit|Arbeitsrecht|Gerichtswesen|Berufsverband|Wahl|Informatik|Information und Informationsverarbeitung|öffentliche Sicherheit|Elektrizitäts- und Kernkraftindustrie|Europäische Union|partizipative Demokratie|Europäische Union|partizipative Demokratie	Handel|Industrie|Informatik|Information und Informationsverarbeitung|Post- und Fernmeldewesen|Unternehmen und Wettbewerb|Europäische Union|partizipative Demokratie	Kulturpolitik|Kunst|Museum|Wirtschaft|Informatik|Information und Informationsverarbeitung|öffentliche Sicherheit	Familie|Frau|Gleichbehandlung|Sozialpolitik|Strafrecht|Gesundheit|Arbeitsrecht|Gerichtswesen|Berufsverband|Wahl|Beschäftigung und Arbeitsbedingungen|Exekutive|Parlamentsdebatte|Schienentransport|Straßenverkehr|Informatik|Information und Informationsverarbeitung|öffentliche Sicherheit|Elektrizitäts- und Kernkraftindustrie|Europäische Union|partizipative Demokratie
2005-05-12	Finanzwesen|Handel|Industrie|Unternehmen und Wettbewerb|Opferhilfe|soziale Sicherheit|Gesundheit|Frau|Gleichbehandlung|Öffentliche Finanzen und Haushaltspolitik|Bildung|Organisation des Unterrichtswesens	Sekundarstufe|Bildung|Organisation des Unterrichtswesens|Bildung|Organisation des Unterrichtswesens|Bildung|Organisation des Unterrichtswesens|Primarstufe|Handel|Industrie|Unternehmen und Wettbewerb|Bildung|Organisation des Unterrichtswesens|Primarstufe|Bildung|Organisation des Unterrichtswesens|Bildung|Organisation des Unterrichtswesens|Bildung|Organisation des Unterrichtswesens|Primarstufe|Bildung|Organisation des Unterrichtswesens|Bildung|Organisation des Unterrichtswesens|Bildung|Organisation des Unterrichtswesens|Bildung|Organisation des Unterrichtswesens	Straßen- und Brückenbau|Frau|Gesundheit|Gleichbehandlung|öffentliche Sicherheit|Umwelt|Kulturpolitik|Kunst|Straßen- und Brückenbau	Finanzwesen|Handel|Industrie|Unternehmen und Wettbewerb|Opferhilfe|soziale Sicherheit|Gesundheit|Frau|Gleichbehandlung|Öffentliche Finanzen und Haushaltspolitik|Bildung|Organisation des Unterrichtswesens
2005-06-01	Straßenverkehr|Umwelt|Wohnungspolitik			Straßenverkehr|Umwelt|Wohnungspolitik
2005-06-08	Handel|Industrie|Neutralität|Unternehmen und Wettbewerb|Verteidigung	Handel|Industrie|öffentliche Verwaltung|öffentlicher Dienst|Unternehmen und Wettbewerb|Verteidigung	Haushaltskontrolle|Museum|Parlamentsdebatte|Straßenverkehr|Umwelt|Energie|Europäische Union|Schienentransport|Straßen- und Brückenbau|Arbeitslosenversicherung|Arbeitsrecht|Familie|Gesetzgebungsverfahren|Handel|Industrie|Neutralität|Unternehmen und Wettbewerb|Verteidigung	Handel|Industrie|Neutralität|Unternehmen und Wettbewerb|Verteidigung
2005-06-09	Luftverkehr|Straßenverkehr|Tourismus|Umwelt|Vereinsleben|Versammlungsfreiheit|See- und Binnenschiffsverkehr|Verwaltungsorganisation|Wasser|Wasserbewirtschaftung|Frau|Gleichbehandlung|Öffentliche Finanzen und Haushaltspolitik|Glücksspiel|Steuerwesen|Behinderter|Verkehr|Arbeitsrecht	Ausbildungsbeihilfe|Bürgerliches Recht|Gesundheit|Arbeitsrecht|Gesundheit|Umwelt|Arbeitsrecht|Frau|Gleichbehandlung|soziale Sicherheit|Umwelt	Beschäftigung und Arbeitsbedingungen|Gesetzgebungsverfahren|soziale Sicherheit|Bürgerliches Recht|Sport|Vereinsleben|Versammlungsfreiheit|Bürgerliches Recht|Sport|Vereinsleben|Versammlungsfreiheit|Glücksspiel|Steuerwesen|Verteidigung|Umwelt	Luftverkehr|Straßenverkehr|Tourismus|Umwelt|Vereinsleben|Versammlungsfreiheit|See- und Binnenschiffsverkehr|Verwaltungsorganisation|Wasser|Wasserbewirtschaftung|Frau|Gleichbehandlung|Öffentliche Finanzen und Haushaltspolitik|Glücksspiel|Steuerwesen|Behinderter|Verkehr|Arbeitsrecht
2005-06-23	Opferhilfe			Opferhilfe
2005-06-29	Bildung|Organisation des Unterrichtswesens|Behinderter|Bauindustrie und öffentliches Bauwesen|Baupolitik|Behinderter|Föderalismus|Gliedstaat|Bildung|Organisation des Unterrichtswesens|Erwachsenenbildung|Sekundarstufe|Primarstufe	Bildung|Organisation des Unterrichtswesens	Behinderter|Bildung|Organisation des Unterrichtswesens	Bildung|Organisation des Unterrichtswesens|Behinderter|Bauindustrie und öffentliches Bauwesen|Baupolitik|Behinderter|Föderalismus|Gliedstaat|Bildung|Organisation des Unterrichtswesens|Erwachsenenbildung|Sekundarstufe|Primarstufe
2005-06-30	Gerichtswesen|Verfassungsgerichtsbarkeit|Verwaltungsgerichtsbarkeit|Verwaltungsrecht|Zivildienst|Handel|Industrie|Unternehmen und Wettbewerb|Zivildienst|Behinderter|Sozialpolitik		Gerichtswesen|Verfassungsgerichtsbarkeit|Verwaltungsgerichtsbarkeit|Verwaltungsrecht|Zivildienst|Zivildienst|Behinderter|Sozialpolitik	Gerichtswesen|Verfassungsgerichtsbarkeit|Verwaltungsgerichtsbarkeit|Verwaltungsrecht|Zivildienst|Handel|Industrie|Unternehmen und Wettbewerb|Zivildienst|Behinderter|Sozialpolitik
2005-07-06	Gerichtswesen|öffentliche Verwaltung|öffentlicher Dienst|Verfassung|Europäische Union|Forschung und geistiges Eigentum|Land- und Forstwirtschaft, Fischerei|Raumordnung|Verkehr|Wissenschaften	Behinderter|Wohnungspolitik|Gliedstaat|Post- und Fernmeldewesen|Steuerwesen|Museum|Verwaltungskontrolle|Wohnungspolitik|Verwaltungsrecht|Wohnungspolitik|Behinderter|Gesetzgebungsverfahren|Behinderter	Steuerwesen|Verwaltungsreform|Schienentransport|junger Mensch|Verfassung|Verfassung|Wahl|Steuerwesen|Wohnungspolitik|Gesetzgebungsverfahren|Steuerwesen|Wohnungspolitik|Europäische Union|Forschung und geistiges Eigentum|Land- und Forstwirtschaft, Fischerei|Wissenschaften	Gerichtswesen|öffentliche Verwaltung|öffentlicher Dienst|Verfassung|Europäische Union|Forschung und geistiges Eigentum|Land- und Forstwirtschaft, Fischerei|Raumordnung|Verkehr|Wissenschaften
2005-07-07	völkerrechtliche Verantwortlichkeit	Parlamentsdebatte|Politische Partei|Arbeitsrecht|junger Mensch|Personalvertretung|Wahl|völkerrechtliche Verantwortlichkeit|Gliedstaat|Steuerwesen	Finanzwesen|Bürgerliches Recht|Wohnungspolitik|Arbeitslosenversicherung|Gesetzgebungsverfahren|völkerrechtliche Verantwortlichkeit|Gesetzgebungsverfahren|Straßenverkehr|Flüchtling|Frau|Gleichbehandlung|Menschenrechte	völkerrechtliche Verantwortlichkeit
2005-07-08	Opferhilfe|öffentliche Sicherheit|Gliedstaat|junger Mensch|Hochschulausbildung	Politische Partei|Europäische Union|Land- und Forstwirtschaft, Fischerei|Raumordnung|Gliedstaat|junger Mensch|Straßen- und Brückenbau|Steuerwesen|Straßen- und Brückenbau|Gliedstaat|junger Mensch|Behinderter|Verkehr|Hochschulausbildung|Primarstufe	Bürgerliches Recht|Familie|junger Mensch|Arbeitsrecht|Darstellende Künste|Gesetzgebungsverfahren|Personalvertretung|Gliedstaat|junger Mensch|Steuerwesen|Verwaltungsreform|Steuerwesen|Notar|Rechtsanwalt|Hochschulausbildung	Opferhilfe|öffentliche Sicherheit|Gliedstaat|junger Mensch|Hochschulausbildung
2005-08-11	Beschäftigung und Arbeitsbedingungen|Steuerwesen|Wirtschaft		Beschäftigung und Arbeitsbedingungen|Frau|Gleichbehandlung|Parlamentsdebatte|Primarstufe|Steuerwesen|Wirtschaft|Bürgerliches Recht|Handel|Industrie|Unternehmen und Wettbewerb	Beschäftigung und Arbeitsbedingungen|Steuerwesen|Wirtschaft
2005-09-19			Geschäftsordnung des Parlaments	
2005-09-20	Strafrecht			Strafrecht
2005-09-21	Handel|Industrie|Unternehmen und Wettbewerb|Verfassungsgerichtsbarkeit|Verwaltungsgerichtsbarkeit|Bildung|Forschung und geistiges Eigentum|Organisation des Unterrichtswesens|Wissenschaften|Bildung|Organisation des Unterrichtswesens|Statistik	Land- und Forstwirtschaft, Fischerei|Land- und Forstwirtschaft, Fischerei|Europäische Union|Umwelt|Beschäftigung und Arbeitsbedingungen|Bildung|Hochschulausbildung|Organisation des Unterrichtswesens	Hochschulausbildung|Hochschulausbildung|Europäische Union|Luftverkehr|Tourismus|Geschäftsordnung des Parlaments|Haushaltskontrolle|Straßen- und Brückenbau	Handel|Industrie|Unternehmen und Wettbewerb|Verfassungsgerichtsbarkeit|Verwaltungsgerichtsbarkeit|Bildung|Forschung und geistiges Eigentum|Organisation des Unterrichtswesens|Wissenschaften|Bildung|Organisation des Unterrichtswesens|Statistik
2005-09-22	Steuerwesen			Steuerwesen
2005-09-28	Informatik|Information und Informationsverarbeitung|Post- und Fernmeldewesen	Gesundheit|soziale Sicherheit|Strafrecht|ausländischer Staatsangehöriger|öffentliche Verwaltung|öffentlicher Dienst|Staatsangehöriger|ausländischer Staatsangehöriger|Geschäftsordnung des Parlaments|öffentliche Verwaltung|öffentlicher Dienst|Staatsangehöriger|Frau|Gleichbehandlung|Land- und Forstwirtschaft, Fischerei|Sozialpolitik|Steuerwesen|Verkehr|Elektrizitätsindustrie|Energie|Steuerwesen	Schienentransport|Handel|Industrie|Unternehmen und Wettbewerb|Versicherungswesen|Abfall|Abfallwirtschaft|Steuerwesen|öffentliche Sicherheit|Sport|Parlamentsdebatte|Verteidigung|Frau|Gleichbehandlung|Sozialpolitik|Abfall|Abfallwirtschaft|Gesetzgebungsverfahren|Gesetzgebungsverfahren|Straßenverkehr|Öffentliche Finanzen und Haushaltspolitik|Wasserbau|Zivilschutz|Gliedstaat|Sozialpolitik	Informatik|Information und Informationsverarbeitung|Post- und Fernmeldewesen
2005-09-29	öffentliche Sicherheit|Hochschulausbildung|Arbeitsrecht|Europäische Union|Beschäftigung und Arbeitsbedingungen|Wirtschaft	Bürgerliches Recht|Gesetzgebungsverfahren|Hochschulausbildung|Arbeitsrecht|Europäische Union|Hochschulausbildung	Hochschulausbildung|öffentliche Sicherheit|Beschäftigung und Arbeitsbedingungen|Frau|Gleichbehandlung|Primarstufe|Steuerwesen|Wirtschaft|Europäische Union|Glücksspiel|Sport|Arbeitsrecht|Europäische Union|Hochschulausbildung	öffentliche Sicherheit|Hochschulausbildung|Arbeitsrecht|Europäische Union|Beschäftigung und Arbeitsbedingungen|Wirtschaft
2005-10-12	soziale Sicherheit|Post- und Fernmeldewesen|soziale Sicherheit			soziale Sicherheit|Post- und Fernmeldewesen|soziale Sicherheit
2005-10-19	Sport|Abfall|Abfallwirtschaft|Elektrizitäts- und Kernkraftindustrie|Sport|Fernsehen|Hörfunk|Sport|Sport|öffentliche Verwaltung|öffentlicher Dienst|Bildung|Forschung und geistiges Eigentum|Organisation des Unterrichtswesens|Wissenschaften|soziale Sicherheit	Sport|Schienentransport|Agrarerzeugnisse und Lebensmittel|Land- und Forstwirtschaft, Fischerei|Bürgerliches Recht|Gesetzgebungsverfahren|Sport|Agrarerzeugnisse und Lebensmittel|Handel|Industrie|Land- und Forstwirtschaft, Fischerei|Unternehmen und Wettbewerb|Arbeitslosenversicherung|Finanzausgleich|Sozialpolitik|öffentliche Verwaltung|öffentlicher Dienst	Gesetzgebungsverfahren|Straßenverkehr|Land- und Forstwirtschaft, Fischerei|Sport|Bauindustrie und öffentliches Bauwesen|Baupolitik|Schienentransport|öffentliche Sicherheit|Sport|Sport|Sport|Bildung|Organisation des Unterrichtswesens|Behinderter|soziale Sicherheit|Gliedstaat|Sozialpolitik|öffentliche Verwaltung|öffentlicher Dienst	Sport|Abfall|Abfallwirtschaft|Elektrizitäts- und Kernkraftindustrie|Beschäftigung und Arbeitsbedingungen|Parlamentsdebatte|Wirtschaft|Sport|Fernsehen|Hörfunk|Sport|Sport|öffentliche Verwaltung|öffentlicher Dienst|Bildung|Forschung und geistiges Eigentum|Organisation des Unterrichtswesens|Wissenschaften|soziale Sicherheit
2005-10-20		Elektrizitätsindustrie|Energie|Umwelt		
2005-11-10	Land- und Forstwirtschaft, Fischerei	Land- und Forstwirtschaft, Fischerei	Land- und Forstwirtschaft, Fischerei	Land- und Forstwirtschaft, Fischerei
2005-11-16	Menschenrechte|Luftverkehr|Preis|Haushaltskontrolle|Wohnungspolitik|Kulturpolitik|Kunst|Land- und Forstwirtschaft, Fischerei	Beschäftigung und Arbeitsbedingungen|Gesundheit|Menschenrechte|ethnische Gruppe|Verfassungsgerichtsbarkeit|Verwaltungsgerichtsbarkeit|Tourismus|Bildung|Organisation des Unterrichtswesens|Vereinsleben|Versammlungsfreiheit|Bildung|Organisation des Unterrichtswesens|Vereinsleben|Versammlungsfreiheit|Kulturpolitik|Kunst|Land- und Forstwirtschaft, Fischerei|direkt gewählte Kammer|Hochschulausbildung|Ausweis|diplomatische Beziehungen|Elektrizitäts- und Kernkraftindustrie|Abfall|Abfallwirtschaft|Elektrizitäts- und Kernkraftindustrie|Gesundheit|Umwelt	Menschenrechte|Bildung|Handel|Industrie|Organisation des Unterrichtswesens|Unternehmen und Wettbewerb|ausländischer Staatsangehöriger|öffentliche Verwaltung|öffentlicher Dienst|Primarstufe|öffentliche Sicherheit|Tourismus|Bildung|Organisation des Unterrichtswesens|Vereinsleben|Versammlungsfreiheit|Hochschulausbildung|Sekundarstufe|Bildung|Organisation des Unterrichtswesens|Vereinsleben|Versammlungsfreiheit|Kulturpolitik|Kunst|Land- und Forstwirtschaft, Fischerei|Bauindustrie und öffentliches Bauwesen|Baupolitik|öffentliches Eigentum|Energie|öffentliches Eigentum	Menschenrechte|Luftverkehr|Preis|Haushaltskontrolle|Wohnungspolitik|Kulturpolitik|Kunst|Land- und Forstwirtschaft, Fischerei
2005-11-22	Bildung|Organisation des Unterrichtswesens|Behinderter			Bildung|Organisation des Unterrichtswesens|Behinderter
2005-11-29	Informatik|Information und Informationsverarbeitung|öffentliche Sicherheit		Informatik|Information und Informationsverarbeitung|öffentliche Sicherheit	Informatik|Information und Informationsverarbeitung|öffentliche Sicherheit
2005-12-01	Forschung und geistiges Eigentum|Wissenschaften|öffentliche Verwaltung|öffentlicher Dienst|Umwelt	öffentliche Verwaltung|öffentlicher Dienst|Umwelt	öffentliche Verwaltung|öffentlicher Dienst|Umwelt	Forschung und geistiges Eigentum|Wissenschaften|öffentliche Verwaltung|öffentlicher Dienst|Umwelt
2005-12-06	Bürgerliches Recht|Kulturpolitik|Kunst|Museum|Handel|Industrie|Unternehmen und Wettbewerb|Strafrecht|Verwaltungsorganisation|öffentliche Verwaltung|öffentlicher Dienst|Luftverkehr|Preis	Beschäftigung und Arbeitsbedingungen|Frau|Gleichbehandlung|Parlamentsdebatte|Verfassung|Verwaltungskontrolle|Primarstufe|junger Mensch|Primarstufe|Land- und Forstwirtschaft, Fischerei|öffentliche Sicherheit|Handel|Industrie|Unternehmen und Wettbewerb|Luftverkehr|Preis	Arbeitsrecht|Arbeitsrecht|öffentliche Verwaltung|öffentlicher Dienst|Zivilschutz|Arbeitsrecht|Gesetzgebungsverfahren|Handel|Industrie|Unternehmen und Wettbewerb|öffentliche Verwaltung|öffentlicher Dienst|soziale Sicherheit|Arbeitsrecht|Informatik|Information und Informationsverarbeitung|öffentliche Verwaltung|öffentlicher Dienst|Luftverkehr|Preis	Bürgerliches Recht|Kulturpolitik|Kunst|Museum|Handel|Industrie|Unternehmen und Wettbewerb|Strafrecht|Verwaltungsorganisation|öffentliche Verwaltung|öffentlicher Dienst|Luftverkehr|Preis
2005-12-07	Gesundheit|Hochschulausbildung|Post- und Fernmeldewesen|Unternehmensarten	Forschung und geistiges Eigentum|Öffentliche Finanzen und Haushaltspolitik|Wissenschaften|Handel|Industrie|Straßenverkehr|Unternehmen und Wettbewerb	Informatik|Information und Informationsverarbeitung	Gesundheit|Hochschulausbildung|Post- und Fernmeldewesen|Unternehmensarten
2005-12-21	Straßenverkehr|Verteidigung|Hochschulausbildung|Agrarerzeugnisse und Lebensmittel|Land- und Forstwirtschaft, Fischerei|Elektrizitäts- und Kernkraftindustrie|Internationale Beziehungen|Menschenrechte|Europäische Union|Steuerwesen	Umwelt|Handel|Industrie|Tiermedizin|Tierschutz|Unternehmen und Wettbewerb|ausländischer Staatsangehöriger|öffentliche Sicherheit|öffentliche Verwaltung|öffentlicher Dienst|internationales Arbeitsrecht|Verfassungsgerichtsbarkeit|Verwaltungsgerichtsbarkeit|Zivildienst|Exekutive|Misstrauensantrag|Verkehr|Elektrizitäts- und Kernkraftindustrie|Internationale Beziehungen|Menschenrechte|Europäische Union|Finanzwesen|Politik der Zusammenarbeit|Steuerwesen|Land- und Forstwirtschaft, Fischerei	Verfassungsgerichtsbarkeit|Verwaltungsgerichtsbarkeit|Zivildienst|Elektrizitäts- und Kernkraftindustrie|Internationale Beziehungen|Menschenrechte|Familie|Verwaltungskontrolle|Arbeitsrecht|Europäische Union	Straßenverkehr|Verteidigung|Hochschulausbildung|Agrarerzeugnisse und Lebensmittel|Land- und Forstwirtschaft, Fischerei|Elektrizitäts- und Kernkraftindustrie|Internationale Beziehungen|Menschenrechte|Europäische Union|Steuerwesen
2006-01-25	Arbeitsrecht|öffentliche Verwaltung|öffentlicher Dienst|Zivilschutz|diplomatische Beziehungen|Steuerwesen|Preis|Tabak|Gesundheit|Gesundheit|junger Mensch|Handel|Industrie|Tiermedizin|Tierschutz|Unternehmen und Wettbewerb	Gesetzgebungsverfahren|Personenstand|Behinderter|soziale Sicherheit|Gesundheit|Preis|Tabak|Gesundheit|Gesundheit|Hochschulausbildung|Europäische Union|Tiermedizin|Tierschutz|Gesundheit|Hochschulausbildung|Behinderter|Bildung|Organisation des Unterrichtswesens|junger Mensch|Straßenverkehr|Handel|Industrie|Tiermedizin|Tierschutz|Unternehmen und Wettbewerb	Familie|junger Mensch|Verfassung|Gesetzgebungsverfahren|Post- und Fernmeldewesen|Frau|Gleichbehandlung|öffentliche Sicherheit|junger Mensch|Gliedstaat|Post- und Fernmeldewesen|Handel|Industrie|Tiermedizin|Tierschutz|Unternehmen und Wettbewerb	Arbeitsrecht|öffentliche Verwaltung|öffentlicher Dienst|Zivilschutz|diplomatische Beziehungen|Steuerwesen|Preis|Tabak|Gesundheit|Gesundheit|Parlamentsdebatte|Post- und Fernmeldewesen|Unternehmensarten|junger Mensch|Handel|Industrie|Tiermedizin|Tierschutz|Unternehmen und Wettbewerb
2006-02-02	Kulturpolitik|Kunst|öffentliches Eigentum|völkerrechtliche Verantwortlichkeit	Kulturpolitik|Kunst|Museum|öffentliches Eigentum|völkerrechtliche Verantwortlichkeit|Gesundheit	öffentliche Verwaltung|öffentlicher Dienst|Kulturpolitik|Kunst|Museum|öffentliches Eigentum|völkerrechtliche Verantwortlichkeit|Handel|Industrie|Unternehmen und Wettbewerb	Kulturpolitik|Kunst|öffentliches Eigentum|völkerrechtliche Verantwortlichkeit
2006-02-13	Beschäftigung und Arbeitsbedingungen|Steuerwesen|Wirtschaft	Straßenverkehr|ethnische Gruppe|Verfassungsgerichtsbarkeit|Verwaltungsgerichtsbarkeit|Straßenverkehr|Post- und Fernmeldewesen|Energie|Umwelt|Wohnungspolitik	Beschäftigung und Arbeitsbedingungen|Parlamentsdebatte|Behinderter|Menschenrechte|Verfassung|Beschäftigung und Arbeitsbedingungen|Bildung|Organisation des Unterrichtswesens	Beschäftigung und Arbeitsbedingungen|Steuerwesen|Wirtschaft
2006-03-01	Forschung und geistiges Eigentum|Wissenschaften|Fernsehen|Hörfunk|Zivildienst	Zivildienst	Bildung|Kulturpolitik|Kunst|Organisation des Unterrichtswesens|Ausbildungsbeihilfe|Hochschulausbildung|Verwaltungsrecht|soziale Sicherheit|Exekutive|Zivildienst	Forschung und geistiges Eigentum|Wissenschaften|Fernsehen|Hörfunk|Zivildienst
2006-03-02		Exekutive|Parlamentsdebatte|Frau|Gleichbehandlung|Opferhilfe|Frau|Gleichbehandlung|Sport|Land- und Forstwirtschaft, Fischerei	Gliedstaat|öffentliches Eigentum|Staatswald|Gesetzgebungsverfahren|Steuerwesen|Tourismus|Steuerwesen|Tourismus|Gliedstaat|öffentliches Eigentum|Staatswald|Umwelt	
2006-03-23	Gesundheit			Gesundheit
2006-03-29	Behinderter|Bildung|Organisation des Unterrichtswesens|Gesundheit|Sport|Finanzwesen	Öffentliche Finanzen und Haushaltspolitik|Verkehr|Öffentliche Finanzen und Haushaltspolitik|Verkehr|Gerichtswesen|Gesundheit	Bürgerliches Recht|Informatik|Information und Informationsverarbeitung|öffentliche Sicherheit|Sport|Straßenverkehr|Ausbildungsbeihilfe|Gesundheit|Glücksspiel|Gesundheit|Sport	Behinderter|Bildung|Organisation des Unterrichtswesens|Gesundheit|Sport|Finanzwesen
2006-03-30	Beschäftigung und Arbeitsbedingungen|Familie|Steuerwesen|Wirtschaft	Agrarerzeugnisse und Lebensmittel|Handel|Industrie|Unternehmen und Wettbewerb|Bauindustrie und öffentliches Bauwesen|Baupolitik|Beschäftigung und Arbeitsbedingungen|Einkommen|Gesundheit|Verwaltung und Entlohnung des Personals	Gesetzgebungsverfahren|Straßenverkehr|Straßenverkehr|Umwelt|Kulturpolitik|Kunst|Museum	Beschäftigung und Arbeitsbedingungen|Familie|Steuerwesen|Wirtschaft
2006-04-05				Geschäftsordnung des Parlaments
2006-04-26	Gesundheit|Verwaltungsrecht|Gesundheit|Hochschulausbildung|Gesundheit|soziale Sicherheit|soziale Sicherheit|Europäische Union|Europarat	Gesundheit|soziale Sicherheit|soziale Sicherheit	Ausweis|Europäische Union|Informatik|Information und Informationsverarbeitung|Gesundheit|soziale Sicherheit|soziale Sicherheit|Gesetzgebungsverfahren|Presse|Europäische Union|Europarat	Gesundheit|Verwaltungsrecht|Gesundheit|Hochschulausbildung|Gesundheit|soziale Sicherheit|soziale Sicherheit|Europäische Union|Europarat
2006-04-27	Steuerwesen|Wirtschaft|ehrende Auszeichnung|Verteidigung|Handel|Industrie|Unternehmen und Wettbewerb|Europäische Union|Luftverkehr|Politik der Zusammenarbeit|See- und Binnenschiffsverkehr|Steuerwesen|Bildung|Organisation des Unterrichtswesens|Sport	Europäische Union|Luftverkehr|Politik der Zusammenarbeit|See- und Binnenschiffsverkehr|Steuerwesen|Bildung|Organisation des Unterrichtswesens|Sport	Gesetzgebungsverfahren|Handel|Industrie|Unternehmen und Wettbewerb|Zolltarifpolitik|Behinderter|Bildung|Organisation des Unterrichtswesens|Handel|Industrie|Unternehmen und Wettbewerb|Europäische Union|Luftverkehr|Politik der Zusammenarbeit|See- und Binnenschiffsverkehr|Steuerwesen|Bildung|Organisation des Unterrichtswesens|Sport	Steuerwesen|Wirtschaft|ehrende Auszeichnung|Verteidigung|Handel|Industrie|Unternehmen und Wettbewerb|Europäische Union|Luftverkehr|Politik der Zusammenarbeit|See- und Binnenschiffsverkehr|Steuerwesen|Bildung|Organisation des Unterrichtswesens|Sport
2006-05-08		Finanzwesen|Finanzwesen		
2006-05-09	Bildung|Organisation des Unterrichtswesens			Bildung|Organisation des Unterrichtswesens
2006-05-18	Verteidigung	Exekutive|Straßenverkehr|Umwelt	Verteidigung	Verteidigung
2006-05-19	Strafrecht|Verwaltungsorganisation|Behinderter|Bürgerliches Recht	Behinderter|Bürgerliches Recht	Behinderter|Bürgerliches Recht	Strafrecht|Verwaltungsorganisation|Behinderter|Bürgerliches Recht
2006-05-23		Handel|Industrie|Unternehmen und Wettbewerb|Wahl|Elektrizitäts- und Kernkraftindustrie|Handel|Industrie|Steuerwesen|Unternehmen und Wettbewerb	Arbeitsrecht|öffentliche Verwaltung|öffentlicher Dienst|Zivilschutz|Handel|Industrie|Steuerwesen|Unternehmen und Wettbewerb|Steuerwesen	
2006-05-24	Handel|Industrie|Unternehmen und Wettbewerb|Bürgerliches Recht|Behinderter|Bürgerliches Recht|Notar|Rechtsanwalt|Europäische Union|Bürgerliches Recht|Bürgerliches Recht|ausländischer Staatsangehöriger|Religion|Staatsangehöriger	Familie|soziale Sicherheit|Handel|Industrie|Unternehmen und Wettbewerb|Staatswald|Wasserbewirtschaftung|Europäische Union|Flüchtling|Bürgerliches Recht|Agrarerzeugnisse und Lebensmittel|Land- und Forstwirtschaft, Fischerei|Preis|Behinderter|Bürgerliches Recht|Notar|Rechtsanwalt|Bürgerliches Recht|Bürgerliches Recht|Behinderter|Vereinfachung der Rechtsvorschriften|Raumordnung|Wasserbau|Zivilschutz|Europäische Union|Flüchtling|Menschenrechte	Handel|Industrie|Unternehmen und Wettbewerb|Bürgerliches Recht|Bürgerliches Recht|Bürgerliches Recht|ausländischer Staatsangehöriger|Religion|Staatsangehöriger|Europäische Union	Handel|Industrie|Unternehmen und Wettbewerb|Bürgerliches Recht|Behinderter|Bürgerliches Recht|Notar|Rechtsanwalt|Europäische Union|Bürgerliches Recht|Bürgerliches Recht|ausländischer Staatsangehöriger|Religion|Staatsangehöriger
2006-06-21	Verwaltungsorganisation|Bildung|Organisation des Unterrichtswesens|Bildung|Finanzausgleich|namentliche Abstimmung|öffentliche Verwaltung|öffentlicher Dienst|Organisation des Unterrichtswesens|Primarstufe|Finanzwesen	Behinderter|Notar|Rechtsanwalt|Straßenverkehr|Elektrizitäts- und Kernkraftindustrie|Umwelt|Behinderter|Bildung|Organisation des Unterrichtswesens|Verkehr|Post- und Fernmeldewesen|öffentliche Verwaltung|öffentlicher Dienst|Primarstufe|Sekundarstufe	Schienentransport|Bildung|namentliche Abstimmung|öffentliche Verwaltung|öffentlicher Dienst|Organisation des Unterrichtswesens	Verwaltungsorganisation|Bildung|Organisation des Unterrichtswesens|Bildung|Finanzausgleich|namentliche Abstimmung|öffentliche Verwaltung|öffentlicher Dienst|Organisation des Unterrichtswesens|Primarstufe|Finanzwesen
2006-06-22	Straßenverkehr|Umwelt|Handel|Industrie|Unternehmen und Wettbewerb|Luftverkehr|ethnische Gruppe|Verfassungsgerichtsbarkeit|Verwaltungsgerichtsbarkeit|Glücksspiel|Vereinfachung der Rechtsvorschriften|Finanzwesen|Sport|Europäische Union|Tiermedizin|Tierschutz|soziale Sicherheit|Sozialpolitik	Fernsehen|Hörfunk|Straßenverkehr|Europäische Union|Tiermedizin|Tierschutz|soziale Sicherheit|Sozialpolitik	Finanzwesen|Sport|Europäische Union|Tiermedizin|Tierschutz|soziale Sicherheit|Sozialpolitik|soziale Sicherheit|Sozialpolitik|Arbeitsrecht|öffentliche Verwaltung|öffentlicher Dienst|Zivilschutz|Arbeitsrecht|öffentliche Verwaltung|öffentlicher Dienst|Zivilschutz|Flüchtling|Gerichtswesen|Verfassungsgerichtsbarkeit|Verwaltungsgerichtsbarkeit|Verwaltungsrecht	ethnische Gruppe|Verfassungsgerichtsbarkeit|Verwaltungsgerichtsbarkeit|Straßenverkehr|Umwelt|Handel|Industrie|Unternehmen und Wettbewerb|Luftverkehr|Glücksspiel|Vereinfachung der Rechtsvorschriften|Finanzwesen|Sport|Europäische Union|Tiermedizin|Tierschutz|soziale Sicherheit|Sozialpolitik
2006-06-29		Fernsehen|Hörfunk|Parlamentsdebatte|Politische Partei	Frau|Gesundheit|Gleichbehandlung|Beschäftigung und Arbeitsbedingungen|Exekutive	
2006-07-05	Behinderter|Europäische Union|Gesundheit|Politik der Zusammenarbeit|Internationale Beziehungen|ethnische Gruppe|Trentino-Südtirol|Verfassung	Behinderter|Europäische Union|Gesundheit|Politik der Zusammenarbeit	Behinderter|Europäische Union|Gesundheit|Politik der Zusammenarbeit|ethnische Gruppe|Trentino-Südtirol|Verfassung	Behinderter|Europäische Union|Gesundheit|Politik der Zusammenarbeit|Internationale Beziehungen|ethnische Gruppe|Trentino-Südtirol|Verfassung
2006-07-07	Strafrecht			Strafrecht
2006-07-12	Arbeitsrecht|Gesundheit|junger Mensch|direkt gewählte Kammer|Handel|Industrie|Unternehmen und Wettbewerb	ethnische Gruppe|Parlamentsdebatte|Verfassungsgerichtsbarkeit|Verwaltungsgerichtsbarkeit|direkt gewählte Kammer|Handel|Industrie|Unternehmen und Wettbewerb	Hochschulausbildung|Kulturpolitik|Kunst|Sekundarstufe|direkt gewählte Kammer|ethnische Gruppe|Verfassungsgerichtsbarkeit|Verwaltungsgerichtsbarkeit|Handel|Industrie|Unternehmen und Wettbewerb	Arbeitsrecht|Gesundheit|junger Mensch|direkt gewählte Kammer|Handel|Industrie|Unternehmen und Wettbewerb
2006-07-13	Finanzwesen|direkt gewählte Kammer|Finanzwesen	Sozialpolitik|Steuerwesen|Verkehr|Tiermedizin|Tierschutz|Finanzwesen|Finanzwesen|direkt gewählte Kammer|Finanzwesen|Straßenverkehr	Beschäftigung und Arbeitsbedingungen|Familienleistungsausgleich|Finanzwesen|direkt gewählte Kammer|Finanzwesen	Finanzwesen|direkt gewählte Kammer|Finanzwesen
2006-07-14	Umwelt	ethnische Gruppe|Verfassungsgerichtsbarkeit|Verwaltungsgerichtsbarkeit	Beschäftigung und Arbeitsbedingungen|direkt gewählte Kammer|junger Mensch|Wahl	Umwelt
2006-09-12	soziale Sicherheit|Bildung|Familienleistungsausgleich|Organisation des Unterrichtswesens|Sozialpolitik|Bildung|Organisation des Unterrichtswesens	Bildung|Exekutive|Misstrauensantrag|Organisation des Unterrichtswesens|Bildung|Öffentliche Finanzen und Haushaltspolitik|Organisation des Unterrichtswesens|Verteidigung	Hochschulausbildung|Hochschulausbildung|Bildung|Organisation des Unterrichtswesens	Bildung|Organisation des Unterrichtswesens
2006-09-21	Politische Partei|Gesundheit|soziale Sicherheit|Sozialpolitik|Gliedstaat|Verfassung|Verteidigung	direkt gewählte Kammer|Haushaltskontrolle|Politische Partei	direkt gewählte Kammer|junger Mensch|Wahl|Gesundheit|Sozialpolitik|Politische Partei|junger Mensch|Gerichtswesen|Verfassung	Politische Partei|Gesundheit|soziale Sicherheit|Sozialpolitik|Gliedstaat|Verfassung|Verteidigung
