Datum	F	G	L	S	V
1996-01-15	Familienleistungsausgleich	Fernsehen|Hörfunk|ausländischer Staatsangehöriger|Elektrizitätsindustrie|Strafrecht|ausländischer Staatsangehöriger	Strafrecht|Arbeitsrecht|Steuerwesen|Post- und Fernmeldewesen|Energie|Gesetzgebungsverfahren|Handel|Industrie|Unternehmen und Wettbewerb|ausländischer Staatsangehöriger|Gesetzgebungsverfahren|Verfassung|Elektrizitätsindustrie|Familie|Umwelt|öffentliche Sicherheit|Gesetzgebungsverfahren|Handel|Industrie|Unternehmen und Wettbewerb|Umwelt	Bergbau|Handel|Industrie|Unternehmen und Wettbewerb|Strafrecht|Verwaltungsrecht	
1996-01-30	Abfall|Abfallwirtschaft|Elektrizitätsindustrie|Abfall|Abfallwirtschaft|Land- und Forstwirtschaft, Fischerei|Wasserbewirtschaftung|Abfall|Abfallwirtschaft|Gesundheit|Abfall|Abfallwirtschaft|Bauindustrie und öffentliches Bauwesen|Baupolitik|Forschung und geistiges Eigentum|Wissenschaften|Beschäftigung und Arbeitsbedingungen|Steuerwesen	Behinderter|Steuerwesen|Forschung und geistiges Eigentum|Wissenschaften|Bergbau		Geschäftsordnung des Parlaments|Gesetzgebungsverfahren	Geschäftsordnung des Parlaments|Gesetzgebungsverfahren
1996-01-31	Steuerwesen|Beschäftigung und Arbeitsbedingungen|Arbeitslosenversicherung|Bürgerliches Recht|Buchprüfung|Steuerwesen|Steuerwesen|Bürgerliches Recht|Steuerwesen|Steuerwesen|Steuerwesen|Steuerwesen|Finanzwesen|Steuerwesen|öffentliches Eigentum|Strafrecht|Steuerwesen|Steuerwesen|Finanzwesen|Finanzwesen|Straßen- und Brückenbau|Unternehmensarten|Strafrecht|Steuerwesen|Forschung und geistiges Eigentum|Wissenschaften|Straßenverkehr|öffentliche Verwaltung|öffentlicher Dienst|Wohnungspolitik|Schienentransport|Straßenverkehr|Steuerwesen|Steuerwesen|Wirtschaft|Beschäftigung und Arbeitsbedingungen|Verwaltungsreform|direkt gewählte Kammer|Bauindustrie und öffentliches Bauwesen|Baupolitik|Finanzwesen|Verfassung|Strafrecht|Öffentliche Finanzen und Haushaltspolitik|Verkehr|Straßenverkehr|öffentliches Eigentum|Bauindustrie und öffentliches Bauwesen|Baupolitik|Finanzwesen|Wirtschaft|Steuerwesen|Steuerwesen|Beschäftigung und Arbeitsbedingungen|ethnische Gruppe|Steuerwesen|Straßen- und Brückenbau|Land- und Forstwirtschaft, Fischerei|Beschäftigung und Arbeitsbedingungen|namentliche Abstimmung|Steuerwesen|öffentliches Eigentum|Beschäftigung und Arbeitsbedingungen|Verwaltungsrecht|Finanzwesen|Verwaltungsreform|Wohnungspolitik|Steuerwesen|Bildung|Organisation des Unterrichtswesens|Bürgerliches Recht|Unternehmensarten|Beschäftigung und Arbeitsbedingungen|Steuerwesen|Steuerwesen	Tiermedizin|Tierschutz|Forschung und geistiges Eigentum|Wissenschaften|Gesundheit|Behinderter|Gesundheit|Land- und Forstwirtschaft, Fischerei|Land- und Forstwirtschaft, Fischerei|Politik der Zusammenarbeit|Religion|Staatswald|Gesundheit|ethnische Gruppe|ethnische Gruppe	Bildung|Organisation des Unterrichtswesens|Steuerwesen|Politik der Zusammenarbeit|Steuerwesen|Arbeitsrecht|Bildung|Organisation des Unterrichtswesens|Bildung|Organisation des Unterrichtswesens|Arbeitsrecht|ethnische Gruppe	Elektrizitätsindustrie|ethnische Gruppe|Beschäftigung und Arbeitsbedingungen	Elektrizitätsindustrie|ethnische Gruppe|Beschäftigung und Arbeitsbedingungen
1996-02-27	öffentliche Verwaltung|öffentlicher Dienst|öffentliche Verwaltung|öffentlicher Dienst|direkt gewählte Kammer|Bürgerliches Recht|direkt gewählte Kammer|Wohnungspolitik|öffentliche Verwaltung|öffentlicher Dienst|Sozialpolitik|Öffentliche Finanzen und Haushaltspolitik|direkt gewählte Kammer|Berufsverband|Öffentliche Finanzen und Haushaltspolitik	direkt gewählte Kammer|Gesetzgebungsverfahren|Politische Partei	Arbeitsrecht|direkt gewählte Kammer|Umwelt|Bürgerliches Recht|direkt gewählte Kammer|Geschäftsordnung des Parlaments	direkt gewählte Kammer	direkt gewählte Kammer
1996-02-28	Exekutive|Tiermedizin|Tierschutz|Gesundheit|direkt gewählte Kammer|Wohnungspolitik|Verfassung|Verteidigung|Exekutive|Misstrauensantrag|namentliche Abstimmung|Verteidigung|Verteidigung	Verfassung|Behinderter|Geschäftsordnung des Parlaments|Haushaltskontrolle|Verteidigung|Energie|Elektrizitätsindustrie|Energie|Elektrizitätsindustrie	Kulturpolitik|Kunst|Verteidigung|Verteidigung|Verteidigung|Verteidigung		Gesetzgebungsverfahren|Straßenverkehr
1996-02-29	Elektrizitätsindustrie	Gliedstaat|Wasserbewirtschaftung|Elektrizitätsindustrie	Verfassung	Arbeitslosenversicherung	Arbeitslosenversicherung
1996-03-13	Staatschef|Verfassung|soziale Sicherheit|Verfassung	Land- und Forstwirtschaft, Fischerei|Steuerwesen|Hochschulausbildung|Hochschulausbildung			
1996-03-14	Strafrecht|Arbeitsrecht|Verwaltungsorganisation|Handel|Industrie|Unternehmen und Wettbewerb|Hochschulausbildung	Straßen- und Brückenbau|Straßenverkehr|Straßenverkehr|Umwelt	Bürgerliches Recht|Gesetzgebungsverfahren|Gesetzgebungsverfahren|Wohnungspolitik	Schienentransport	
1996-03-20	Unternehmensarten	Gesetzgebungsverfahren|Politische Partei|Verfassung|Verfassung|Verfassung|Gesetzgebungsverfahren|Wohnungspolitik	Opferhilfe		
1996-03-21	Verteidigung|Verteidigung|Familienleistungsausgleich	Bildung|Organisation des Unterrichtswesens	Bildung|Organisation des Unterrichtswesens		
1996-03-28				Wohnungspolitik|Straßenverkehr	Wohnungspolitik|Straßenverkehr
1996-04-16	Bildung|Organisation des Unterrichtswesens|Presse|Politische Partei|Internationale Beziehungen|Verfassung|Steuerwesen|Steuerwesen		Agrarerzeugnisse und Lebensmittel	Strafrecht|namentliche Abstimmung	Strafrecht|namentliche Abstimmung
1996-04-17	Öffentliche Finanzen und Haushaltspolitik				
1996-04-18	Europäische Union|Beschäftigung und Arbeitsbedingungen|Hochschulausbildung|Beschäftigung und Arbeitsbedingungen|Ausbildungsbeihilfe	soziale Sicherheit		Post- und Fernmeldewesen	Post- und Fernmeldewesen
1996-04-19	Straßen- und Brückenbau|Land- und Forstwirtschaft, Fischerei|Land- und Forstwirtschaft, Fischerei|Land- und Forstwirtschaft, Fischerei|Verteidigung|Land- und Forstwirtschaft, Fischerei|Land- und Forstwirtschaft, Fischerei|Land- und Forstwirtschaft, Fischerei|Land- und Forstwirtschaft, Fischerei	Land- und Forstwirtschaft, Fischerei|Land- und Forstwirtschaft, Fischerei|Land- und Forstwirtschaft, Fischerei|Land- und Forstwirtschaft, Fischerei	Elektrizitäts- und Kernkraftindustrie|soziale Sicherheit|Geschäftsordnung des Parlaments|Land- und Forstwirtschaft, Fischerei|Land- und Forstwirtschaft, Fischerei	Handel|Industrie|Unternehmen und Wettbewerb|Land- und Forstwirtschaft, Fischerei	Handel|Industrie|Unternehmen und Wettbewerb|Land- und Forstwirtschaft, Fischerei
1996-04-23	Agrarerzeugnisse und Lebensmittel|Forschung und geistiges Eigentum|Wissenschaften|ethnische Gruppe		Gesundheit|Gesundheit		
1996-04-24	Straßenverkehr|Elektrizitäts- und Kernkraftindustrie|Straßenverkehr|Forschung und geistiges Eigentum|Wissenschaften|Unternehmensarten|Straßenverkehr|Verteidigung	Elektrizitäts- und Kernkraftindustrie	Preis|Elektrizitäts- und Kernkraftindustrie	Elektrizitäts- und Kernkraftindustrie	Elektrizitäts- und Kernkraftindustrie
1996-04-25	Gesundheit|Gesundheit|Gesundheit|Gesundheit|Gesundheit	Agrarerzeugnisse und Lebensmittel|Gesundheit	öffentliche Sicherheit|Tiermedizin|Tierschutz		Hochschulausbildung|Europäische Union|Bildung|Organisation des Unterrichtswesens
1996-04-26	Land- und Forstwirtschaft, Fischerei|Familienleistungsausgleich|Land- und Forstwirtschaft, Fischerei		Staatswald|Gliedstaat	Land- und Forstwirtschaft, Fischerei|Agrarerzeugnisse und Lebensmittel	Agrarerzeugnisse und Lebensmittel
1996-05-07	Unternehmensarten|Verwaltungsreform|soziale Sicherheit|Steuerwesen|Abfall|Abfallwirtschaft|Land- und Forstwirtschaft, Fischerei|Arbeitsrecht|Beschäftigung und Arbeitsbedingungen|Wirtschaft|öffentliches Eigentum|Steuerwesen|Verwaltungsreform|Bauindustrie und öffentliches Bauwesen|Baupolitik|Bürgerliches Recht|Bauindustrie und öffentliches Bauwesen|Baupolitik|Wirtschaft|Beschäftigung und Arbeitsbedingungen|Straßen- und Brückenbau|Steuerwesen|Steuerwesen	Gesetzgebungsverfahren|Hochschulausbildung|Forschung und geistiges Eigentum|Wissenschaften|Forschung und geistiges Eigentum|Geschäftsordnung des Parlaments|Wissenschaften	Gesetzgebungsverfahren|Land- und Forstwirtschaft, Fischerei|Forschung und geistiges Eigentum|Wissenschaften	Arbeitsrecht|Handel|Industrie|Unternehmen und Wettbewerb|Notar|Rechtsanwalt|Handel|Industrie|Unternehmen und Wettbewerb|Bildung|Organisation des Unterrichtswesens|Öffentliche Finanzen und Haushaltspolitik	Arbeitsrecht|Handel|Industrie|Unternehmen und Wettbewerb|Handel|Industrie|Unternehmen und Wettbewerb|Bildung|Organisation des Unterrichtswesens|Öffentliche Finanzen und Haushaltspolitik
1996-05-15				Öffentliche Finanzen und Haushaltspolitik	Öffentliche Finanzen und Haushaltspolitik
1996-05-22	Forschung und geistiges Eigentum|Wissenschaften|Beschäftigung und Arbeitsbedingungen|Beschäftigung und Arbeitsbedingungen|Wirtschaft|Unternehmensarten|Bauindustrie und öffentliches Bauwesen|Baupolitik|Wirtschaft|Steuerwesen|Straßen- und Brückenbau|Handel|Industrie|Unternehmen und Wettbewerb|Beschäftigung und Arbeitsbedingungen|Beschäftigung und Arbeitsbedingungen|Strafrecht|Land- und Forstwirtschaft, Fischerei	Forschung und geistiges Eigentum|Wissenschaften|Notar|Rechtsanwalt|Elektrizitäts- und Kernkraftindustrie|Forschung und geistiges Eigentum|Wissenschaften|Straßenverkehr|Agrarerzeugnisse und Lebensmittel|Umwelt|Land- und Forstwirtschaft, Fischerei|Forschung und geistiges Eigentum|Wissenschaften|Land- und Forstwirtschaft, Fischerei	Wein|Weinbau|Forschung und geistiges Eigentum|Gesetzgebungsverfahren|Wissenschaften|Umwelt		
1996-05-23	Wohnungspolitik|Ausbildungsbeihilfe	Arbeitsrecht|Gesetzgebungsverfahren|Elektrizitätsindustrie|Gesetzgebungsverfahren|Steuerwesen|Berufsverband|Gesetzgebungsverfahren|Presse|Verteidigung|Verteidigung	Forschung und geistiges Eigentum|Wissenschaften|Arbeitslosenversicherung|Geschäftsordnung des Parlaments	Umwelt	Umwelt
1996-06-13	Geschäftsordnung des Parlaments|Haushaltskontrolle|Ausbildungsbeihilfe|soziale Sicherheit|Straßen- und Brückenbau|Vereinte Nationen|soziale Sicherheit|soziale Sicherheit	soziale Sicherheit|internationales Arbeitsrecht	Abfall|Abfallwirtschaft|ausländischer Staatsangehöriger|Umwelt|Behinderter	Straßenverkehr|ausländischer Staatsangehöriger|Verfassung|Familienleistungsausgleich|Umwelt|Gesetzgebungsverfahren|Verwaltungsrecht|soziale Sicherheit	Straßenverkehr|ausländischer Staatsangehöriger|Tiermedizin|Tierschutz|soziale Sicherheit
1996-06-14					
1996-06-18	Arbeitsrecht|Gesetzgebungsverfahren|Beschäftigung und Arbeitsbedingungen|ausländischer Staatsangehöriger|ausländischer Staatsangehöriger|Europäische Union	Umwelt	Verfassung	Gesundheit	
1996-06-27	Gesundheit|soziale Sicherheit|soziale Sicherheit|soziale Sicherheit	Verfassung		Arbeitsrecht	Gesetzgebungsverfahren|Wahl|Arbeitsrecht|Beschäftigung und Arbeitsbedingungen
1996-06-28	soziale Sicherheit|soziale Sicherheit|Bildung|Organisation des Unterrichtswesens|Steuerwesen|Finanzwesen|Gesetzgebungsverfahren|Europäische Union	Verkehr|Steuerwesen|internationales Arbeitsrecht|Verkehr	Völkerrecht	Finanzwesen|Straßen- und Brückenbau|Währungsbeziehungen|namentliche Abstimmung|Verfassung|Finanzwesen|Buchprüfung|Unternehmensarten|öffentliche Verwaltung|öffentlicher Dienst|Straßenverkehr	Finanzwesen|Straßen- und Brückenbau|Währungsbeziehungen|namentliche Abstimmung|Verfassung|Finanzwesen|Buchprüfung|Unternehmensarten|öffentliche Verwaltung|öffentlicher Dienst|Straßenverkehr
1996-07-02				Handel|Industrie|Unternehmen und Wettbewerb|direkt gewählte Kammer|direkt gewählte Kammer	Handel|Industrie|Unternehmen und Wettbewerb|direkt gewählte Kammer|direkt gewählte Kammer
1996-07-04				Umwelt	Umwelt
1996-07-09	direkt gewählte Kammer|direkt gewählte Kammer|direkt gewählte Kammer	Steuerwesen|Steuerwesen|direkt gewählte Kammer|direkt gewählte Kammer|direkt gewählte Kammer			
1996-07-10	Gesetzgebungsverfahren|soziale Sicherheit|Gesetzgebungsverfahren|soziale Sicherheit|Gesetzgebungsverfahren|öffentliche Verwaltung|öffentlicher Dienst|Wirtschaft|soziale Sicherheit	Verfassung|soziale Sicherheit	Presse|soziale Sicherheit	Umwelt	Umwelt|Gesundheit
1996-07-11	Verfassung|Schienentransport|Handel|Industrie|Unternehmen und Wettbewerb|Steuerwesen|Elektrizitätsindustrie|Land- und Forstwirtschaft, Fischerei	Gesetzgebungsverfahren|Verfassung|Verfassungsgerichtsbarkeit|Verwaltungsgerichtsbarkeit|Verkehr|Gesetzgebungsverfahren|Verfassung	Verfassungsgerichtsbarkeit|Verwaltungsgerichtsbarkeit|Staatswald|Land- und Forstwirtschaft, Fischerei	Handel|Industrie|Unternehmen und Wettbewerb	Handel|Industrie|Unternehmen und Wettbewerb
1996-07-12	Land- und Forstwirtschaft, Fischerei|Steuerwesen|Finanzwesen|Finanzwesen|Finanzwesen|Steuerwesen|Finanzwesen	Hochschulausbildung	Wohnungspolitik|Steuerwesen|Umwelt|Verwaltungsrecht		
1996-09-19	direkt gewählte Kammer|soziale Sicherheit|Strafrecht|namentliche Abstimmung|soziale Sicherheit|Währungsbeziehungen|Umwelt|Straßenverkehr|Land- und Forstwirtschaft, Fischerei|Strafrecht|Beschäftigung und Arbeitsbedingungen|Europäische Union|Europäische Union	Europäische Union|Beschäftigung und Arbeitsbedingungen|Beschäftigung und Arbeitsbedingungen|soziale Sicherheit	soziale Sicherheit|soziale Sicherheit|Strafrecht	Strafrecht|Straßen- und Brückenbau|Parlamentsdebatte|Strafrecht|soziale Sicherheit|Europäische Union|Strafrecht|Strafrecht	Strafrecht|Straßen- und Brückenbau|Parlamentsdebatte|Strafrecht|soziale Sicherheit|Strafrecht|Europäische Union|Strafrecht|Strafrecht
1996-09-20	Internationale Beziehungen|Unternehmensarten|Staatswald|Handel|Industrie|Unternehmen und Wettbewerb|Handel|Industrie|Unternehmen und Wettbewerb	Neutralität|Parlamentsdebatte|Staatswald|Strafrecht|soziale Sicherheit	Familienleistungsausgleich		
1996-09-26				Land- und Forstwirtschaft, Fischerei	Land- und Forstwirtschaft, Fischerei
1996-10-02	soziale Sicherheit|Arbeitslosenversicherung|Geschäftsordnung des Parlaments|Arbeitsrecht|Steuerwesen|Handel|Industrie|Unternehmen und Wettbewerb	Hochschulausbildung|soziale Sicherheit|Familienleistungsausgleich		soziale Sicherheit	Gesetzgebungsverfahren|Staatsangehöriger|Strafrecht|soziale Sicherheit
1996-10-03	Statistik|Europäische Union|Wasserbewirtschaftung|Öffentliche Finanzen und Haushaltspolitik|Öffentliche Finanzen und Haushaltspolitik|Tiermedizin|Tierschutz	Politische Partei	Behinderter		
1996-10-16	Umwelt	Umwelt	Umwelt	Umwelt	Umwelt
1996-10-24	Agrarerzeugnisse und Lebensmittel	Agrarerzeugnisse und Lebensmittel	Agrarerzeugnisse und Lebensmittel	Agrarerzeugnisse und Lebensmittel	Agrarerzeugnisse und Lebensmittel
1996-10-30	Umwelt|Schienentransport|Straßenverkehr|Agrarerzeugnisse und Lebensmittel|namentliche Abstimmung|Straßenverkehr|Straßenverkehr	Exekutive|Misstrauensantrag|Agrarerzeugnisse und Lebensmittel|namentliche Abstimmung	direkt gewählte Kammer|Gesetzgebungsverfahren|Staatsangehöriger|Agrarerzeugnisse und Lebensmittel|namentliche Abstimmung	Elektrizitätsindustrie|Umwelt	Elektrizitätsindustrie|Umwelt
1996-10-31	Land- und Forstwirtschaft, Fischerei	Energie|Gesundheit|Elektrizitätsindustrie|Arbeitslosenversicherung|Arbeitslosenversicherung	Arbeitsrecht|Arbeitslosenversicherung|Kulturpolitik|Kunst|Steuerwesen|Finanzwesen	Finanzwesen|Verfassung|Geschäftsordnung des Parlaments|Gesetzgebungsverfahren|Post- und Fernmeldewesen	Finanzwesen|Verfassung|Geschäftsordnung des Parlaments|Gesetzgebungsverfahren|Post- und Fernmeldewesen
1996-11-12				Land- und Forstwirtschaft, Fischerei	Land- und Forstwirtschaft, Fischerei
1996-11-14				Umwelt	Umwelt
1996-11-21	soziale Sicherheit			Post- und Fernmeldewesen|soziale Sicherheit	Post- und Fernmeldewesen|soziale Sicherheit
1996-11-27	namentliche Abstimmung|namentliche Abstimmung	namentliche Abstimmung	namentliche Abstimmung	namentliche Abstimmung	Verkehr|namentliche Abstimmung
1996-11-28	Bildung|Organisation des Unterrichtswesens|Wasserbewirtschaftung|Frau|Gleichbehandlung|Wasserbewirtschaftung|Strafrecht|Forschung und geistiges Eigentum|Wissenschaften|Elektrizitäts- und Kernkraftindustrie	Elektrizitäts- und Kernkraftindustrie|Elektrizitäts- und Kernkraftindustrie|Straßen- und Brückenbau|Forschung und geistiges Eigentum|Wissenschaften|Elektrizitäts- und Kernkraftindustrie|Bildung|Organisation des Unterrichtswesens|Frau|Gleichbehandlung|Schienentransport|Schienentransport	Strafrecht|Forschung und geistiges Eigentum|Wissenschaften|Elektrizitäts- und Kernkraftindustrie	öffentliche Sicherheit|Verfassung|Elektrizitäts- und Kernkraftindustrie	Elektrizitäts- und Kernkraftindustrie
1996-11-29	Beschäftigung und Arbeitsbedingungen|Haushaltskontrolle|Föderalismus|Geschäftsordnung des Parlaments	Arbeitsrecht|Beschäftigung und Arbeitsbedingungen|Arbeitslosenversicherung|soziale Sicherheit|Arbeitslosenversicherung|Beschäftigung und Arbeitsbedingungen|soziale Sicherheit|Geschäftsordnung des Parlaments		Gesetzgebungsverfahren|Verfassung|direkt gewählte Kammer|Gesetzgebungsverfahren|Verfassung	Ausbildungsbeihilfe|direkt gewählte Kammer
1996-12-11	Verfassung|Verfassung|Post- und Fernmeldewesen|Schienentransport|Steuerwesen	Sozialpolitik|Verfassung|Sozialpolitik|Straßenverkehr|Sozialpolitik|Verteidigung|Politik der Zusammenarbeit|Sozialpolitik	Geschäftsordnung des Parlaments|Gesetzgebungsverfahren|Umwelt|Politik der Zusammenarbeit		
1996-12-12	Land- und Forstwirtschaft, Fischerei|Land- und Forstwirtschaft, Fischerei|Gesetzgebungsverfahren|Verfassung|Land- und Forstwirtschaft, Fischerei|Gesetzgebungsverfahren|Verfassung|Land- und Forstwirtschaft, Fischerei|Tourismus|Tourismus	Elektrizitäts- und Kernkraftindustrie|Grenze|Handel|Industrie|Unternehmen und Wettbewerb|Handel|Industrie|Unternehmen und Wettbewerb		Handel|Industrie|Unternehmen und Wettbewerb	Gesetzgebungsverfahren|Verfassung|Gesetzgebungsverfahren|Verfassung|Handel|Industrie|Unternehmen und Wettbewerb
1996-12-13	Steuerwesen|Steuerwesen|Familienleistungsausgleich|Handel|Industrie|Unternehmen und Wettbewerb|Tiermedizin|Tierschutz|Familienleistungsausgleich|öffentliches Eigentum|Wirtschaft|Arbeitsrecht|Beschäftigung und Arbeitsbedingungen|Staatswald|Währungsbeziehungen|Familienleistungsausgleich	Gesetzgebungsverfahren|Verfassung|Bürgerliches Recht|Familienleistungsausgleich	Arbeitsrecht|Arbeitsrecht|öffentliches Eigentum	Arbeitsrecht|Arbeitsrecht|Gesetzgebungsverfahren|Tiermedizin|Tierschutz|Gesetzgebungsverfahren|Verfassung|Handel|Industrie|Unternehmen und Wettbewerb	Arbeitsrecht|Handel|Industrie|Unternehmen und Wettbewerb|namentliche Abstimmung|öffentliches Eigentum|Geschäftsordnung des Parlaments|öffentliches Eigentum
1997-01-14	Gesetzgebungsverfahren|soziale Sicherheit|Straßenverkehr|Grenze|Finanzwesen|Bürgerliches Recht|Finanzwesen|Finanzwesen|Bürgerliches Recht|namentliche Abstimmung|öffentliches Eigentum|Straßenverkehr	Fernsehen|Hörfunk|Beschäftigung und Arbeitsbedingungen|Finanzwesen	Finanzwesen|Gesetzgebungsverfahren|öffentliches Eigentum|Bürgerliches Recht|Finanzwesen	öffentliches Eigentum	öffentliches Eigentum
1997-01-16				Forschung und geistiges Eigentum|Wissenschaften	Forschung und geistiges Eigentum|Wissenschaften
1997-01-22	junger Mensch|Straßenverkehr		Preis|Forschung und geistiges Eigentum|Wissenschaften|Verteidigung	direkt gewählte Kammer|Exekutive	direkt gewählte Kammer|Exekutive
1997-01-23	Frau|Gleichbehandlung	Land- und Forstwirtschaft, Fischerei|Land- und Forstwirtschaft, Fischerei	Verfassung|Preis|Fernsehen|Hörfunk|Frau|Gleichbehandlung	Wohnungspolitik	Wohnungspolitik
1997-01-29	Religion	Kulturpolitik|Kunst|Exekutive|Neutralität|Öffentliche Finanzen und Haushaltspolitik	soziale Sicherheit|Kulturpolitik|Kunst|Exekutive		Verfassung
1997-02-18	Gesundheit|Arbeitsrecht|Finanzwesen|ausländischer Staatsangehöriger|Steuerwesen|Steuerwesen|Beschäftigung und Arbeitsbedingungen|ausländischer Staatsangehöriger|Beschäftigung und Arbeitsbedingungen|Arbeitsrecht	Beschäftigung und Arbeitsbedingungen|Straßenverkehr|Beschäftigung und Arbeitsbedingungen|Beschäftigung und Arbeitsbedingungen|Steuerwesen|Sozialpolitik|Beschäftigung und Arbeitsbedingungen|Arbeitsrecht|Beschäftigung und Arbeitsbedingungen|Beschäftigung und Arbeitsbedingungen|Europäische Union|Beschäftigung und Arbeitsbedingungen|Beschäftigung und Arbeitsbedingungen	Beschäftigung und Arbeitsbedingungen|Einkommen|Verwaltung und Entlohnung des Personals|Wirtschaft|Wirtschaft|Wirtschaft|Arbeitsrecht	Beschäftigung und Arbeitsbedingungen	Beschäftigung und Arbeitsbedingungen
1997-02-19				Verteidigung	Verteidigung
1997-02-26	Gesundheit|Gesundheit|Internationale Beziehungen|Internationale Beziehungen	Forschung und geistiges Eigentum|Wissenschaften|Tiermedizin|Tierschutz|Tiermedizin|Tierschutz|Internationale Beziehungen|Verkehr	soziale Sicherheit|ethnische Gruppe|Geschäftsordnung des Parlaments|Tiermedizin|Tierschutz	Hochschulausbildung|ethnische Gruppe|Verkehr	Hochschulausbildung|ethnische Gruppe|Verkehr
1997-02-27	Bildung|Organisation des Unterrichtswesens|Bildung|Organisation des Unterrichtswesens|soziale Sicherheit|Bildung|Organisation des Unterrichtswesens|Bildung|Organisation des Unterrichtswesens|Verteidigung|Verteidigung|Verteidigung		Straßenverkehr|Bürgerliches Recht	direkt gewählte Kammer|Arbeitsrecht|namentliche Abstimmung	direkt gewählte Kammer|Arbeitsrecht|Arbeitsrecht|namentliche Abstimmung
1997-03-07		Sozialpolitik		Luftverkehr|Sozialpolitik	Luftverkehr|Sozialpolitik
1997-03-13				Umwelt	Umwelt
1997-03-14				Hochschulausbildung	Hochschulausbildung
1997-03-19	Land- und Forstwirtschaft, Fischerei|Gesundheit|Gesundheit|Umwelt|soziale Sicherheit|Arbeitsrecht|Arbeitslosenversicherung|Arbeitsrecht	Umwelt|Europarat|Umwelt		öffentliches Eigentum|Arbeitsrecht	öffentliches Eigentum|Arbeitsrecht
1997-03-20	Bürgerliches Recht|Gesetzgebungsverfahren|soziale Sicherheit|Geschäftsordnung des Parlaments|Haushaltskontrolle|Arbeitslosenversicherung|soziale Sicherheit|namentliche Abstimmung|Preis|Fernsehen|Hörfunk|namentliche Abstimmung|Verkehr|Luftverkehr	Gesetzgebungsverfahren|Verfassung|Luftverkehr	Gesetzgebungsverfahren|Haushaltskontrolle|Verfassung|Geschäftsordnung des Parlaments|Steuerwesen|Arbeitsrecht|Verfassung|Wirtschaft|Öffentliche Finanzen und Haushaltspolitik|Geschäftsordnung des Parlaments|Umwelt|Geschäftsordnung des Parlaments|Umwelt|Hochschulausbildung	Fernsehen|Hörfunk|Hochschulausbildung|Fernsehen|Hörfunk|Hochschulausbildung	Fernsehen|Hörfunk|Hochschulausbildung|Fernsehen|Hörfunk|Hochschulausbildung
1997-04-10	Straßen- und Brückenbau|Verfassung|Forschung und geistiges Eigentum|Wissenschaften|Familie	Umwelt|Verfassung|Verfassung	Hochschulausbildung|Gesetzgebungsverfahren|soziale Sicherheit|soziale Sicherheit|Gesetzgebungsverfahren|Verfassung		
1997-04-16	Geschäftsordnung des Parlaments|Haushaltskontrolle	Gesundheit|Europäische Union|Forschung und geistiges Eigentum|Wissenschaften|Forschung und geistiges Eigentum|Wissenschaften|Strafrecht	Bildung|Organisation des Unterrichtswesens|Strafrecht|Verwaltungsorganisation|Bauindustrie und öffentliches Bauwesen|Baupolitik		
1997-04-17	Bildung|Organisation des Unterrichtswesens|direkt gewählte Kammer|Steuerwesen|Bauindustrie und öffentliches Bauwesen|Baupolitik		Hochschulausbildung|Forschung und geistiges Eigentum|Wissenschaften|Bürgerliches Recht|Gesetzgebungsverfahren|Gesundheit		Geschäftsordnung des Parlaments|Verwaltungsrecht
1997-04-29				Land- und Forstwirtschaft, Fischerei|Land- und Forstwirtschaft, Fischerei	Land- und Forstwirtschaft, Fischerei|Land- und Forstwirtschaft, Fischerei
1997-05-06		Finanzwesen|Gesetzgebungsverfahren|Verfassung	Finanzwesen|Finanzwesen|Arbeitsrecht|Forschung und geistiges Eigentum|Wissenschaften	direkt gewählte Kammer|namentliche Abstimmung|Verfassung	direkt gewählte Kammer|namentliche Abstimmung|Verfassung
1997-05-14	Finanzwesen|Parlamentsdebatte|Land- und Forstwirtschaft, Fischerei	Steuerwesen|Land- und Forstwirtschaft, Fischerei|Land- und Forstwirtschaft, Fischerei	Bauindustrie und öffentliches Bauwesen|Baupolitik|öffentliches Eigentum	Schienentransport|Sekundarstufe	Sekundarstufe|Schienentransport
1997-05-15	Frau|Gleichbehandlung|Steuerwesen|Frau|Gleichbehandlung|öffentliche Verwaltung|öffentlicher Dienst|Opferhilfe|Arbeitsrecht|Strafrecht		Arbeitsrecht|Gesetzgebungsverfahren|Arbeitsrecht|Gesetzgebungsverfahren|Arbeitsrecht|Gesetzgebungsverfahren	Finanzwesen|Einkommen|Verwaltung und Entlohnung des Personals	Finanzwesen|Einkommen|Verwaltung und Entlohnung des Personals
1997-05-27				Berufsverband|Personalvertretung|Wasserbewirtschaftung	Berufsverband|Personalvertretung|Wasserbewirtschaftung
1997-06-05	Opferhilfe|Sekundarstufe|Finanzwesen|namentliche Abstimmung|Exekutive|Misstrauensantrag|namentliche Abstimmung		soziale Sicherheit|Wein|Weinbau		
1997-06-09				Land- und Forstwirtschaft, Fischerei|Verwaltungsrecht|Handel|Industrie|Unternehmen und Wettbewerb	Land- und Forstwirtschaft, Fischerei|Verwaltungsrecht|Handel|Industrie|Unternehmen und Wettbewerb
1997-06-11	Straßen- und Brückenbau|Handel|Industrie|Unternehmen und Wettbewerb|Beschäftigung und Arbeitsbedingungen	Familie|Arbeitslosenversicherung|soziale Sicherheit|Arbeitsrecht|Arbeitslosenversicherung|Gesetzgebungsverfahren	Geschäftsordnung des Parlaments|Gesetzgebungsverfahren|Steuerwesen|Geschäftsordnung des Parlaments|Steuerwesen|Arbeitsrecht|Flüchtling|Beschäftigung und Arbeitsbedingungen|ausländischer Staatsangehöriger	Nachtragshaushaltsplan|öffentliches Eigentum|Finanzwesen	Nachtragshaushaltsplan|öffentliches Eigentum|Finanzwesen
1997-06-12	Handel|Industrie|Unternehmen und Wettbewerb	Familie|Arbeitslosenversicherung|Gesetzgebungsverfahren|Arbeitslosenversicherung|Gesetzgebungsverfahren|Arbeitslosenversicherung|Gesetzgebungsverfahren|Arbeitslosenversicherung|Gesetzgebungsverfahren|Arbeitslosenversicherung|Arbeitslosenversicherung|Handel|Industrie|Unternehmen und Wettbewerb|Handel|Industrie|Unternehmen und Wettbewerb	Wohnungspolitik|Beschäftigung und Arbeitsbedingungen|Arbeitslosenversicherung|Steuerwesen|Handel|Industrie|Unternehmen und Wettbewerb	Verfassung|Post- und Fernmeldewesen|Beschäftigung und Arbeitsbedingungen|Verwaltungsrecht|Straßenverkehr|Verfassung|Handel|Industrie|Unternehmen und Wettbewerb	Verfassung|Beschäftigung und Arbeitsbedingungen|Handel|Industrie|Unternehmen und Wettbewerb
1997-06-25				Hochschulausbildung	Hochschulausbildung
1997-06-26				öffentliche Verwaltung|öffentlicher Dienst	öffentliche Verwaltung|öffentlicher Dienst
1997-07-02	Behinderter	Behinderter	Behinderter	Bürgerliches Recht|soziale Sicherheit|Behinderter|soziale Sicherheit|Bürgerliches Recht	Bürgerliches Recht|soziale Sicherheit|Behinderter|soziale Sicherheit|Bürgerliches Recht
1997-07-03				Straßenverkehr|Straßenverkehr|Post- und Fernmeldewesen	Straßenverkehr|Straßenverkehr|Post- und Fernmeldewesen
1997-07-08	Gesetzgebungsverfahren|Verfassung|namentliche Abstimmung|Tourismus|Finanzwesen|Wirtschaft	Tiermedizin|Tierschutz|Straßenverkehr	direkt gewählte Kammer	Geschäftsordnung des Parlaments|Gesetzgebungsverfahren|Wirtschaft|Statistik	Arbeitslosenversicherung|Beschäftigung und Arbeitsbedingungen|Einkommen|Verwaltung und Entlohnung des Personals|soziale Sicherheit|Geschäftsordnung des Parlaments|Gesetzgebungsverfahren|Wirtschaft|Statistik
1997-07-09	Parlamentsdebatte|soziale Sicherheit|Straßenverkehr|öffentliche Verwaltung|öffentlicher Dienst|Straßenverkehr	Steuerwesen|Steuerwesen	Bildung|Organisation des Unterrichtswesens|Verfassung|Straßenverkehr	Öffentliche Finanzen und Haushaltspolitik|öffentliches Eigentum|namentliche Abstimmung|Straßenverkehr	Öffentliche Finanzen und Haushaltspolitik|öffentliches Eigentum|soziale Sicherheit|Straßenverkehr
1997-07-10	Steuerwesen|Hochschulausbildung|Arbeitsrecht|Sport|Hochschulausbildung|Elektrizitäts- und Kernkraftindustrie|Finanzwesen|Post- und Fernmeldewesen|Finanzwesen|Arbeitslosenversicherung|Steuerwesen	Elektrizitäts- und Kernkraftindustrie|Arbeitslosenversicherung	Straßenverkehr|Arbeitsrecht|Straßenverkehr|Gesundheit|Elektrizitäts- und Kernkraftindustrie|Gesundheit|Ausbildungsbeihilfe	Unternehmensarten|Verfassung|Tabak|soziale Sicherheit|Arbeitslosenversicherung|Familie|soziale Sicherheit|soziale Sicherheit|Straßenverkehr|Sport|Elektrizitäts- und Kernkraftindustrie	Unternehmensarten|Verfassung|Tabak|junger Mensch|Sport|Elektrizitäts- und Kernkraftindustrie
1997-07-11	Familie|Straßen- und Brückenbau|soziale Sicherheit|soziale Sicherheit|Elektrizitätsindustrie|Kulturpolitik|Kunst|Exekutive|Internationale Beziehungen|Elektrizitäts- und Kernkraftindustrie|Exekutive|Misstrauensantrag|Kulturpolitik|Kunst	Internationale Beziehungen|Steuerwesen|soziale Sicherheit|Europarat|Exekutive|Misstrauensantrag|Europarat|Internationale Beziehungen|Internationale Beziehungen|Exekutive|Misstrauensantrag	soziale Sicherheit|Gesundheit|Steuerwesen|Gesundheit|Verfassung|Primarstufe|Politik der Zusammenarbeit|Ausbildungsbeihilfe|Exekutive|Misstrauensantrag		
1997-09-18	Grenze|öffentliche Sicherheit	Straßenverkehr|Gerichtswesen|soziale Sicherheit|Parlamentsdebatte|Verteidigung|Grenze	Sozialpolitik|Bildung|Organisation des Unterrichtswesens|Völkerrecht|Grenze	öffentliche Sicherheit|Öffentliche Finanzen und Haushaltspolitik|Grenze|Europäische Union	öffentliche Sicherheit|Öffentliche Finanzen und Haushaltspolitik|Grenze|Europäische Union
1997-09-19	Verfassung|Beschäftigung und Arbeitsbedingungen|Kulturpolitik|Kunst|Elektrizitätsindustrie|Abfall|Abfallwirtschaft|Europäische Union|Sport|Sport|Forschung und geistiges Eigentum|Wissenschaften|Sport	Sport|Forschung und geistiges Eigentum|Wissenschaften	Primarstufe|Primarstufe|Sekundarstufe|Sekundarstufe|Primarstufe|Arbeitsrecht|Primarstufe|Arbeitsrecht|Beschäftigung und Arbeitsbedingungen|Primarstufe|Arbeitsrecht|Arbeitsrecht|Steuerwesen|Primarstufe|Beschäftigung und Arbeitsbedingungen|Primarstufe|Primarstufe|Arbeitsrecht|Primarstufe|Sport	Arbeitsrecht|Sport|Forschung und geistiges Eigentum|Wissenschaften	Arbeitsrecht|Sport|Forschung und geistiges Eigentum|Wissenschaften
1997-10-02	Straßen- und Brückenbau|Sport|Verteidigung|Sport|Steuerwesen|Beschäftigung und Arbeitsbedingungen|Steuerwesen|Europäische Union|Steuerwesen|Beschäftigung und Arbeitsbedingungen	soziale Sicherheit|soziale Sicherheit	Verteidigung|Bildung|Organisation des Unterrichtswesens|öffentliche Verwaltung|öffentlicher Dienst|Handel|Industrie|Unternehmen und Wettbewerb|Bildung|Organisation des Unterrichtswesens		
1997-10-08	Exekutive|Misstrauensantrag	Arbeitsrecht|Beschäftigung und Arbeitsbedingungen|soziale Sicherheit|soziale Sicherheit			
1997-10-10	Völkerrecht|Wirtschaft	Gesetzgebungsverfahren|soziale Sicherheit|Notar|Rechtsanwalt|Hochschulausbildung|Geschäftsordnung des Parlaments|Gesetzgebungsverfahren|Straßenverkehr|Handel|Industrie|Unternehmen und Wettbewerb	Wirtschaft|Wirtschaft|Wirtschaft|Wirtschaft|Wirtschaft|Wirtschaft|Wirtschaft|Wirtschaft|Wirtschaft	Finanzwesen	Finanzwesen
1997-10-31	Opferhilfe|Opferhilfe	Opferhilfe	Opferhilfe	Opferhilfe|Opferhilfe	Opferhilfe|Opferhilfe
1997-11-05	Internationale Beziehungen|direkt gewählte Kammer|öffentliche Verwaltung|öffentlicher Dienst	Vereinte Nationen|Internationale Beziehungen|Gesetzgebungsverfahren|Verfassung	Bildung|Organisation des Unterrichtswesens|Bildung|Organisation des Unterrichtswesens|Bildung|Organisation des Unterrichtswesens		
1997-11-06	Staatsangehöriger|Familie		Familie|Parlamentsdebatte		
1997-11-07	Parlamentsdebatte|soziale Sicherheit|soziale Sicherheit	soziale Sicherheit|soziale Sicherheit|soziale Sicherheit|soziale Sicherheit			
1997-11-11	direkt gewählte Kammer|namentliche Abstimmung	Frau|Gleichbehandlung			
1997-11-12	Straßenverkehr|Elektrizitätsindustrie|Elektrizitätsindustrie|Internationale Beziehungen				
1997-11-13	Sekundarstufe|Verteidigung|Bildung|Organisation des Unterrichtswesens			Hochschulausbildung	Hochschulausbildung
1997-11-14	Steuerwesen|Familie|Bildung|Organisation des Unterrichtswesens|Familienleistungsausgleich|Umwelt|Familienleistungsausgleich|Land- und Forstwirtschaft, Fischerei|Familie|Umwelt|Gesundheit|Preis	Tiermedizin|Tierschutz|Gesetzgebungsverfahren|Staatsangehöriger|Verfassung|Familie|Europäische Union|Tiermedizin|Tierschutz	soziale Sicherheit|soziale Sicherheit|soziale Sicherheit|soziale Sicherheit|Europäische Union	Agrarerzeugnisse und Lebensmittel|öffentliche Verwaltung|öffentlicher Dienst|Arbeitslosenversicherung|Europäische Union	Arbeitslosenversicherung|Europäische Union
1997-11-19	Steuerwesen|Steuerwesen|Beschäftigung und Arbeitsbedingungen|Wirtschaft	Europäische Union|Arbeitsrecht|Wirtschaft|Europäische Union|Europäische Union			
1997-11-25	Tiermedizin|Tierschutz	Tiermedizin|Tierschutz	Tiermedizin|Tierschutz	Straßenverkehr|Tiermedizin|Tierschutz	Straßenverkehr|Tiermedizin|Tierschutz
1997-11-27				öffentliche Verwaltung|öffentlicher Dienst	öffentliche Verwaltung|öffentlicher Dienst
1997-12-02			Gerichtswesen	Arbeitslosenversicherung|Gerichtswesen	Arbeitslosenversicherung|Gerichtswesen
1997-12-03				Bildung|Organisation des Unterrichtswesens|Familienleistungsausgleich	Bildung|Organisation des Unterrichtswesens|Familienleistungsausgleich
1997-12-10	Straßenverkehr|Straßenverkehr	Straßenverkehr|Straßenverkehr	Straßenverkehr|Straßenverkehr|Wirtschaft	Straßenverkehr|Wohnungspolitik|Bildung|Organisation des Unterrichtswesens|Bildung|Organisation des Unterrichtswesens	Straßenverkehr|Bildung|Organisation des Unterrichtswesens|Bildung|Organisation des Unterrichtswesens
1997-12-11	Gesetzgebungsverfahren|soziale Sicherheit|Hochschulausbildung|Gesetzgebungsverfahren|soziale Sicherheit|Straßenverkehr|Arbeitslosenversicherung	öffentliche Sicherheit|Straßenverkehr|Zivildienst|Verteidigung	Straßenverkehr	Hochschulausbildung|Straßenverkehr|Forschung und geistiges Eigentum|Wissenschaften	Hochschulausbildung|Straßenverkehr|Forschung und geistiges Eigentum|Wissenschaften
1997-12-12	Straßenverkehr|Familienleistungsausgleich|soziale Sicherheit|Sozialpolitik|soziale Sicherheit	Internationale Beziehungen|öffentliche Verwaltung|öffentlicher Dienst|Sekundarstufe|Gesetzgebungsverfahren|Verteidigung|Bergbau|Zivildienst|Geschäftsordnung des Parlaments|Verteidigung|öffentliche Sicherheit|soziale Sicherheit	öffentliche Sicherheit|Strafrecht|Verfassung|Personenstand		
1998-01-21	Hochschulausbildung|Straßenverkehr|Verfassung	Umwelt|Umwelt|Tiermedizin|Tierschutz|Land- und Forstwirtschaft, Fischerei			Straßen- und Brückenbau
1998-01-22	soziale Sicherheit|öffentliche Verwaltung|öffentlicher Dienst|Umwelt|Gesundheit	Land- und Forstwirtschaft, Fischerei|Tiermedizin|Tierschutz	Arbeitsrecht|Gesetzgebungsverfahren|ausländischer Staatsangehöriger|Gesundheit|öffentliche Sicherheit|öffentliche Sicherheit	Strafrecht	Strafrecht
1998-02-03	Geschäftsordnung des Parlaments	Geschäftsordnung des Parlaments	Geschäftsordnung des Parlaments		
1998-02-25	soziale Sicherheit|Straßenverkehr|Statistik|Abfall|Abfallwirtschaft|Steuerwesen|Gesundheit|direkt gewählte Kammer|soziale Sicherheit	Gesundheit|Gesundheit|Gesundheit|Gesundheit|Elektrizitäts- und Kernkraftindustrie|Gesundheit	Bildung|Organisation des Unterrichtswesens|Parlamentsdebatte|soziale Sicherheit|Arbeitsrecht|Arbeitsrecht|Gesundheit	Ausbildungsbeihilfe	Ausbildungsbeihilfe
1998-02-26	ausländischer Staatsangehöriger|Umwelt|Abfall|Abfallwirtschaft|Gesetzgebungsverfahren|Strafrecht|Verfassung|Schienentransport|Gesetzgebungsverfahren|Steuerwesen|soziale Sicherheit|Verwaltungskontrolle|Flüchtling|Strafrecht|Verwaltungskontrolle		Bürgerliches Recht|Verwaltungskontrolle|Verwaltungskontrolle	Strafrecht	Strafrecht
1998-03-13	Elektrizitäts- und Kernkraftindustrie|Europäische Union|Preis	Elektrizitäts- und Kernkraftindustrie|Elektrizitäts- und Kernkraftindustrie	Frau|Gleichbehandlung|Bürgerliches Recht	Glücksspiel|Elektrizitäts- und Kernkraftindustrie	Glücksspiel|Elektrizitäts- und Kernkraftindustrie
1998-03-25	Unternehmensarten|öffentliches Eigentum		Bildung|Organisation des Unterrichtswesens|Straßenverkehr|Steuerwesen|Europäische Union|Europäische Union|öffentliche Sicherheit|Verfassung|Bürgerliches Recht|Steuerwesen|Wirtschaft|Finanzwesen|Europäische Union	Arbeitslosenversicherung	Arbeitslosenversicherung
1998-03-26	Schienentransport|öffentliche Sicherheit|Beschäftigung und Arbeitsbedingungen|Europäische Union	Handel|Industrie|Unternehmen und Wettbewerb|soziale Sicherheit|Exekutive|Misstrauensantrag|Behinderter|soziale Sicherheit|Forschung und geistiges Eigentum|Wissenschaften|Post- und Fernmeldewesen|Vereinsleben|Versammlungsfreiheit|Post- und Fernmeldewesen|Staatschef	Bildung|Organisation des Unterrichtswesens|Steuerwesen|Gerichtswesen|Finanzwesen|Steuerwesen|Europäische Union	Hochschulausbildung	Hochschulausbildung
1998-03-31				Forschung und geistiges Eigentum|Wissenschaften|Forschung und geistiges Eigentum|Wissenschaften	Forschung und geistiges Eigentum|Wissenschaften|Forschung und geistiges Eigentum|Wissenschaften
1998-04-01	Statistik|Familie|Einkommen|Verwaltung und Entlohnung des Personals|Beschäftigung und Arbeitsbedingungen			Statistik|Arbeitslosenversicherung|Arbeitslosenversicherung|soziale Sicherheit|Frau|Gleichbehandlung|Familie|Familie|Einkommen|Verwaltung und Entlohnung des Personals|Beschäftigung und Arbeitsbedingungen	Statistik|Arbeitslosenversicherung|Arbeitslosenversicherung|soziale Sicherheit|Frau|Gleichbehandlung|Familie|Familie|Einkommen|Verwaltung und Entlohnung des Personals|Beschäftigung und Arbeitsbedingungen
1998-04-15	Verteidigung|Europäische Union|namentliche Abstimmung|Steuerwesen	ausländischer Staatsangehöriger|Fernsehen|Hörfunk|Verteidigung|Land- und Forstwirtschaft, Fischerei|Verteidigung		Gesundheit	Beschäftigung und Arbeitsbedingungen|Verteidigung|Europäische Union|Gesetzgebungsverfahren|Bürgerliches Recht|Gesundheit
1998-04-16	Veröffentlichung des Gesetzes|Internationale Beziehungen|Parlamentsdebatte|Arbeitslosenversicherung|Hochschulausbildung|öffentliche Verwaltung|öffentlicher Dienst|öffentliche Verwaltung|öffentlicher Dienst|namentliche Abstimmung|Verteidigung|Arbeitslosenversicherung	Forschung und geistiges Eigentum|Wissenschaften|Verteidigung|namentliche Abstimmung|Neutralität|Arbeitslosenversicherung|Öffentliche Finanzen und Haushaltspolitik|Neutralität	Verteidigung|namentliche Abstimmung|Verteidigung	Arbeitsrecht|Gesetzgebungsverfahren|Arbeitsrecht|Arbeitslosenversicherung|Gesetzgebungsverfahren|Arbeitsrecht|Gesetzgebungsverfahren|Arbeitsrecht|Gesetzgebungsverfahren|Arbeitsrecht|Post- und Fernmeldewesen|Arbeitslosenversicherung|Gesetzgebungsverfahren|Straßenverkehr	Post- und Fernmeldewesen|Straßenverkehr
1998-04-17					
1998-05-12	Sport		Wirtschaft	Finanzwesen|Schienentransport	Finanzwesen|Schienentransport
1998-05-13	Hochschulausbildung|Straßen- und Brückenbau|Elektrizitäts- und Kernkraftindustrie|Elektrizitäts- und Kernkraftindustrie|Steuerwesen|namentliche Abstimmung|Sport|Verteidigung	Fernsehen|Hörfunk|Elektrizitäts- und Kernkraftindustrie|Elektrizitäts- und Kernkraftindustrie|Elektrizitäts- und Kernkraftindustrie	Gesundheit|Elektrizitäts- und Kernkraftindustrie|Elektrizitäts- und Kernkraftindustrie|Elektrizitäts- und Kernkraftindustrie	Elektrizitäts- und Kernkraftindustrie|Elektrizitäts- und Kernkraftindustrie	Elektrizitäts- und Kernkraftindustrie|Elektrizitäts- und Kernkraftindustrie
1998-05-14	Staatschef|Exekutive|Parlamentsdebatte|soziale Sicherheit	Straßenverkehr|Elektrizitäts- und Kernkraftindustrie|Forschung und geistiges Eigentum|Wissenschaften	Internationale Beziehungen	Sport	Sport
1998-05-15	Völkerrecht|Hochschulausbildung|Hochschulausbildung|Schienentransport|Hochschulausbildung|Hochschulausbildung	Völkerrecht	Völkerrecht	Völkerrecht|Handel|Industrie|Unternehmen und Wettbewerb|Handel|Industrie|Unternehmen und Wettbewerb	Handel|Industrie|Unternehmen und Wettbewerb|Völkerrecht|Handel|Industrie|Unternehmen und Wettbewerb
1998-05-26	Haushaltskontrolle|Elektrizitäts- und Kernkraftindustrie|Elektrizitäts- und Kernkraftindustrie|Verteidigung	Geschäftsordnung des Parlaments|Haushaltskontrolle|Elektrizitäts- und Kernkraftindustrie|öffentliche Sicherheit	Völkerrecht|Geschäftsordnung des Parlaments|Haushaltskontrolle|Elektrizitäts- und Kernkraftindustrie|Öffentliche Finanzen und Haushaltspolitik	Verfassung|Finanzwesen|öffentliches Eigentum|Geschäftsordnung des Parlaments|Haushaltskontrolle|Elektrizitäts- und Kernkraftindustrie	Verfassung|Finanzwesen|öffentliches Eigentum|Geschäftsordnung des Parlaments|Haushaltskontrolle|Elektrizitäts- und Kernkraftindustrie
1998-05-27	Geschäftsordnung des Parlaments|Haushaltskontrolle|Steuerwesen|Kulturpolitik|Kunst|Land- und Forstwirtschaft, Fischerei|Elektrizitäts- und Kernkraftindustrie|Verteidigung	Land- und Forstwirtschaft, Fischerei|Land- und Forstwirtschaft, Fischerei|Elektrizitäts- und Kernkraftindustrie|Land- und Forstwirtschaft, Fischerei|öffentliche Verwaltung|öffentlicher Dienst|Geschäftsordnung des Parlaments|Land- und Forstwirtschaft, Fischerei	Primarstufe|Land- und Forstwirtschaft, Fischerei|Elektrizitäts- und Kernkraftindustrie	Land- und Forstwirtschaft, Fischerei|Elektrizitäts- und Kernkraftindustrie	Land- und Forstwirtschaft, Fischerei|Elektrizitäts- und Kernkraftindustrie
1998-05-28	soziale Sicherheit|Gliedstaat|soziale Sicherheit|Wasser|Wasserbewirtschaftung|Familienleistungsausgleich	Öffentliche Finanzen und Haushaltspolitik|Bürgerliches Recht|Öffentliche Finanzen und Haushaltspolitik|Umwelt	Bürgerliches Recht	ausländischer Staatsangehöriger|Straßenverkehr	ausländischer Staatsangehöriger
1998-06-09	Straßenverkehr			Straßenverkehr	Straßenverkehr
1998-06-10				soziale Sicherheit	soziale Sicherheit
1998-06-16	Fernsehen|Hörfunk	soziale Sicherheit|Straßenverkehr|Straßenverkehr|soziale Sicherheit	Straßenverkehr|Straßenverkehr|soziale Sicherheit|Handel|Industrie|Unternehmen und Wettbewerb	Arbeitsrecht|Straßenverkehr	Apotheke|Arbeitsrecht|Straßenverkehr
1998-06-17	Hochschulausbildung|soziale Sicherheit|Arbeitsrecht|Elektrizitäts- und Kernkraftindustrie|Post- und Fernmeldewesen|Berufsverband	Museum|Flüchtling	Bürgerliches Recht	Bauindustrie und öffentliches Bauwesen|Baupolitik	Bauindustrie und öffentliches Bauwesen|Baupolitik
1998-06-18	Gesundheit|Bauindustrie und öffentliches Bauwesen|Baupolitik|öffentliche Verwaltung|öffentlicher Dienst|Wasser|Wasserbewirtschaftung|Tiermedizin|Tierschutz	Wohnungspolitik|Neutralität|Geschäftsordnung des Parlaments	Gesetzgebungsverfahren|Handel|Industrie|Unternehmen und Wettbewerb|öffentliches Eigentum|Arbeitsrecht|Gewerbeaufsicht|Bildung|Organisation des Unterrichtswesens	Arbeitslosenversicherung|Handel|Industrie|Unternehmen und Wettbewerb	Arbeitslosenversicherung|Handel|Industrie|Unternehmen und Wettbewerb
1998-06-25				Elektrizitätsindustrie|Primarstufe|Preis	Elektrizitätsindustrie|Primarstufe|Preis
1998-06-30				Museum|Abfall|Abfallwirtschaft|Abfall|Abfallwirtschaft|Abfall|Abfallwirtschaft	Museum|Abfall|Abfallwirtschaft|Abfall|Abfallwirtschaft|Abfall|Abfallwirtschaft
1998-07-07	Parlamentsdebatte|Strafrecht|Land- und Forstwirtschaft, Fischerei|Haushaltskontrolle|Land- und Forstwirtschaft, Fischerei|Verfassung|Tiermedizin|Tierschutz|Tiermedizin|Tierschutz|Internationale Beziehungen|Steuerwesen|Land- und Forstwirtschaft, Fischerei|Verteidigung|Elektrizitätsindustrie	Gesetzgebungsverfahren|Verfassung|Tiermedizin|Tierschutz|Gesundheit|Zivildienst|Zivildienst|Tiermedizin|Tierschutz|Land- und Forstwirtschaft, Fischerei|Land- und Forstwirtschaft, Fischerei	Gesetzgebungsverfahren|Verfassung|Tiermedizin|Tierschutz|öffentliches Eigentum|Tiermedizin|Tierschutz|Europäische Union|Internationale Beziehungen|Land- und Forstwirtschaft, Fischerei	Tiermedizin|Tierschutz|Internationale Beziehungen	Tiermedizin|Tierschutz|Internationale Beziehungen
1998-07-08	Verteidigung|Post- und Fernmeldewesen|Verteidigung	soziale Sicherheit|soziale Sicherheit|Staatsangehöriger	soziale Sicherheit|Hochschulausbildung|Bildung|Organisation des Unterrichtswesens|Staatsangehöriger		
1998-07-09	Gesundheit|Sport|namentliche Abstimmung|Europäische Union|Sport|öffentliche Verwaltung|öffentlicher Dienst|Völkerrecht	Öffentliche Finanzen und Haushaltspolitik|Flüchtling|Flüchtling	Europäische Union|ethnische Gruppe	Flüchtling	Flüchtling
1998-07-17	Strafrecht|öffentliche Verwaltung|öffentlicher Dienst|Straßenverkehr|Exekutive|Gesundheit|Strafrecht|Straßenverkehr	Gesetzgebungsverfahren|soziale Sicherheit|Straßen- und Brückenbau|soziale Sicherheit|Personenstand|soziale Sicherheit|Straßenverkehr|soziale Sicherheit|Straßenverkehr|Apotheke|Gesundheit|soziale Sicherheit	Strafrecht|Ausweis|Ausweis|Straßenverkehr|Bauindustrie und öffentliches Bauwesen|Baupolitik|ethnische Gruppe|Straßenverkehr|soziale Sicherheit|Personenstand	Wahl|Wahl|Wahl|soziale Sicherheit|Geschäftsordnung des Parlaments|Gesetzgebungsverfahren|Wahl|Straßenverkehr	Wahl|Verfassung|Wahl|Wahl|soziale Sicherheit|Geschäftsordnung des Parlaments|Gesetzgebungsverfahren|Wahl|Straßenverkehr
1998-09-15				Wahl	Wahl
1998-09-17	Gesundheit|Land- und Forstwirtschaft, Fischerei|Familie|Familienleistungsausgleich|Land- und Forstwirtschaft, Fischerei|Agrarerzeugnisse und Lebensmittel|Verwaltungskontrolle|Bergbau|Exekutive|Misstrauensantrag|öffentliche Sicherheit		Bergbau|Exekutive|Misstrauensantrag	Arbeitslosenversicherung|Berufsverband|Bergbau	Arbeitslosenversicherung|Berufsverband|Bergbau
1998-09-18	Straßenverkehr|Straßenverkehr|Straßenverkehr|Straßenverkehr|Geschäftsordnung des Parlaments|Haushaltskontrolle|Verfassung	Zivilschutz|öffentliche Verwaltung|öffentlicher Dienst	Wahl|Wahl|öffentliches Eigentum|Verfassungsgerichtsbarkeit|Verwaltungsgerichtsbarkeit|Wahl|Wahl	Kulturpolitik|Kunst	
1998-09-24		Elektrizitäts- und Kernkraftindustrie	Elektrizitäts- und Kernkraftindustrie	Abfall|Abfallwirtschaft|Elektrizitäts- und Kernkraftindustrie	Abfall|Abfallwirtschaft|Elektrizitäts- und Kernkraftindustrie
1998-10-02	Bürgerliches Recht	Bürgerliches Recht	Bürgerliches Recht	Bürgerliches Recht	Bürgerliches Recht
1998-10-07	Europäische Union|Europäische Union|Arbeitslosenversicherung|völkerrechtliche Verantwortlichkeit|völkerrechtliche Verantwortlichkeit|Opferhilfe|Abfall|Abfallwirtschaft|Elektrizitäts- und Kernkraftindustrie|Europäische Union|namentliche Abstimmung	Land- und Forstwirtschaft, Fischerei|Verfassung|Land- und Forstwirtschaft, Fischerei|Land- und Forstwirtschaft, Fischerei|Land- und Forstwirtschaft, Fischerei|Elektrizitäts- und Kernkraftindustrie|Elektrizitäts- und Kernkraftindustrie|Elektrizitäts- und Kernkraftindustrie	Handel|Industrie|Unternehmen und Wettbewerb|Geschäftsordnung des Parlaments|Gesetzgebungsverfahren|soziale Sicherheit|Völkerrecht|Arbeitslosenversicherung|Verfassung|Behinderter|Opferhilfe|Elektrizitäts- und Kernkraftindustrie	Tabak|Elektrizitäts- und Kernkraftindustrie	Tabak|Elektrizitäts- und Kernkraftindustrie
1998-10-08	Handel|Industrie|Unternehmen und Wettbewerb|Strafrecht|Bergbau|Verfassung|Hochschulausbildung|Politische Partei|Bergbau|Straßenverkehr|Arbeitslosenversicherung	Wirtschaft|öffentliche Verwaltung|öffentlicher Dienst|öffentliche Verwaltung|öffentlicher Dienst|Parlamentsdebatte|Wirtschaft	Wirtschaft|Bergbau|Bergbau	Wirtschaft|Strafrecht	Wirtschaft|Strafrecht
1998-11-04	öffentliche Verwaltung|öffentlicher Dienst|Tourismus|Steuerwesen		Frau|Gleichbehandlung|Handel|Industrie|Unternehmen und Wettbewerb|Handel|Industrie|Unternehmen und Wettbewerb|Steuerwesen	Bürgerliches Recht	Bürgerliches Recht
1998-11-05	Fernsehen|Hörfunk|Straßenverkehr|Gesetzgebungsverfahren|junger Mensch|Familienleistungsausgleich|Arbeitslosenversicherung|Gesundheit|soziale Sicherheit|Opferhilfe|Öffentliche Finanzen und Haushaltspolitik	Verkehr|Straßenverkehr|Straßenverkehr|Öffentliche Finanzen und Haushaltspolitik|Öffentliche Finanzen und Haushaltspolitik	Geschäftsordnung des Parlaments|Haushaltskontrolle|Informatik|Information und Informationsverarbeitung|Öffentliche Finanzen und Haushaltspolitik|Öffentliche Finanzen und Haushaltspolitik	öffentliche Verwaltung|öffentlicher Dienst|Völkerrecht|Öffentliche Finanzen und Haushaltspolitik|Verfassung|Europäische Union|Öffentliche Finanzen und Haushaltspolitik	Straßenverkehr|Völkerrecht|Öffentliche Finanzen und Haushaltspolitik|Verfassung|öffentliche Verwaltung|öffentlicher Dienst|Europäische Union|Öffentliche Finanzen und Haushaltspolitik
1998-11-18				Post- und Fernmeldewesen	Post- und Fernmeldewesen
1998-11-19				Hochschulausbildung|Hochschulausbildung	Hochschulausbildung|Hochschulausbildung
1998-11-26	Agrarerzeugnisse und Lebensmittel|Steuerwesen|Bürgerliches Recht|Gesundheit|Wasserbewirtschaftung|Hochschulausbildung|Opferhilfe|Exekutive|Misstrauensantrag|namentliche Abstimmung	Straßenverkehr|ethnische Gruppe|Post- und Fernmeldewesen|Bauindustrie und öffentliches Bauwesen|Baupolitik|Arbeitsrecht|Verteidigung|Post- und Fernmeldewesen|Verkehr|Ausbildungsbeihilfe|Familienleistungsausgleich|Opferhilfe|Post- und Fernmeldewesen	Frau|Gleichbehandlung|völkerrechtliche Verantwortlichkeit	soziale Sicherheit|Finanzwesen|Agrarerzeugnisse und Lebensmittel|Wohnungspolitik	soziale Sicherheit|Finanzwesen|Agrarerzeugnisse und Lebensmittel|Gesundheit|Wohnungspolitik
1998-11-27	Hochschulausbildung|ausländischer Staatsangehöriger|Geschäftsordnung des Parlaments|Haushaltskontrolle|ausländischer Staatsangehöriger|Steuerwesen|Land- und Forstwirtschaft, Fischerei	Archiv|Steuerwesen|Archiv|Geschäftsordnung des Parlaments|ausländischer Staatsangehöriger	Archiv|soziale Sicherheit|Archiv|Geschäftsordnung des Parlaments	Verfassung|Archiv|Gesundheit|Vereinsleben|Versammlungsfreiheit	Verfassung|Gesetzgebungsverfahren|Verfassung|Archiv|Verwaltungsorganisation|Gesundheit|Vereinsleben|Versammlungsfreiheit
1998-12-01	Behinderter	Behinderter	Behinderter	Behinderter	Behinderter
1998-12-02				Land- und Forstwirtschaft, Fischerei	Land- und Forstwirtschaft, Fischerei
1998-12-04	Exekutive|Archiv|Exekutive|Misstrauensantrag|namentliche Abstimmung|soziale Sicherheit|Straßenverkehr|Behinderter|soziale Sicherheit|Schienentransport|Handel|Industrie|Unternehmen und Wettbewerb	Archiv	Öffentliche Finanzen und Haushaltspolitik|Geschäftsordnung des Parlaments|Gesetzgebungsverfahren|Archiv	Archiv|öffentliche Verwaltung|öffentlicher Dienst	Archiv|öffentliche Verwaltung|öffentlicher Dienst
1998-12-05		Gesetzgebungsverfahren|Verwaltungsrecht	Gesetzgebungsverfahren|Verwaltungsrecht		
1998-12-16	Bürgerliches Recht|Verfassung|Haushaltskontrolle|öffentliche Verwaltung|öffentlicher Dienst|Steuerwesen|Behinderter|Wirtschaft	Fernsehen|Hörfunk|Gesetzgebungsverfahren|Verfassung|Behinderter|ethnische Gruppe|Presse|Fernsehen|Hörfunk|Fernsehen|Hörfunk|Völkerrecht|Behinderter|Fernsehen|Hörfunk|ethnische Gruppe	Fernsehen|Hörfunk|Behinderter|Völkerrecht|Finanzausgleich|Gesetzgebungsverfahren|Behinderter|Fernsehen|Hörfunk|Fernsehen|Hörfunk|Völkerrecht|Behinderter	Finanzwesen|öffentliche Verwaltung|öffentlicher Dienst	Straßenverkehr|Finanzwesen|öffentliche Verwaltung|öffentlicher Dienst
1999-01-20	Gesundheit|soziale Sicherheit|Schienentransport|Beschäftigung und Arbeitsbedingungen|Land- und Forstwirtschaft, Fischerei|Gesundheit|Europäische Union|Land- und Forstwirtschaft, Fischerei	Gesundheit|Gesundheit|Gesundheit|Land- und Forstwirtschaft, Fischerei|Land- und Forstwirtschaft, Fischerei	Gesundheit|Bürgerliches Recht|Geschäftsordnung des Parlaments|Handel|Industrie|Unternehmen und Wettbewerb|Verkehr|Umwelt		Straßen- und Brückenbau
1999-02-11				Familie	Familie
1999-02-16	soziale Sicherheit|direkt gewählte Kammer|Öffentliche Finanzen und Haushaltspolitik|soziale Sicherheit|Forschung und geistiges Eigentum|Wissenschaften|Wohnungspolitik|soziale Sicherheit|Preis|Steuerwesen|Familienleistungsausgleich|namentliche Abstimmung|Preis|direkt gewählte Kammer|namentliche Abstimmung		Finanzwesen|Gesetzgebungsverfahren|Wohnungspolitik	Personenstand|Wohnungspolitik|Wohnungspolitik|Wohnungspolitik	Personenstand
1999-02-18				Buchprüfung	Buchprüfung
1999-02-24	Verteidigung|Fernsehen|Hörfunk|direkt gewählte Kammer|öffentliches Eigentum|Museum|Handel|Industrie|Unternehmen und Wettbewerb|Arbeitslosenversicherung|namentliche Abstimmung	Wasserbewirtschaftung|Umwelt|Museum|Internationale Beziehungen	ausländischer Staatsangehöriger|Steuerwesen|Museum|Internationale Beziehungen	Museum|Internationale Beziehungen	Internationale Beziehungen
1999-02-25	Schienentransport|Schienentransport|ausländischer Staatsangehöriger|Straßenverkehr|ausländischer Staatsangehöriger|Handel|Industrie|Unternehmen und Wettbewerb|Gerichtswesen|Strafrecht|Frau|Gleichbehandlung	Behinderter|Opferhilfe|Internationale Beziehungen|ausländischer Staatsangehöriger|Geschäftsordnung des Parlaments|Völkerrecht|Völkerrecht	Opferhilfe|Völkerrecht|soziale Sicherheit|ausländischer Staatsangehöriger	Arbeitsrecht|Völkerrecht	Arbeitsrecht|Völkerrecht
1999-03-17				Notar|Rechtsanwalt|Bürgerliches Recht	Notar|Rechtsanwalt|Bürgerliches Recht
1999-03-18				Straßenverkehr|Schienentransport	Straßenverkehr|Schienentransport
1999-03-19				Umwelt|Abfall|Abfallwirtschaft	Umwelt|Abfall|Abfallwirtschaft
1999-03-24	Bürgerliches Recht|Europäische Union|Bürgerliches Recht|Land- und Forstwirtschaft, Fischerei|Berufsverband|Verteidigung|Bürgerliches Recht|Notar|Rechtsanwalt|Land- und Forstwirtschaft, Fischerei|Arbeitslosenversicherung|Bürgerliches Recht|Land- und Forstwirtschaft, Fischerei	Arbeitsrecht|Gesetzgebungsverfahren|Behinderter|Berufsverband|Gesetzgebungsverfahren|soziale Sicherheit|Behinderter|Beschäftigung und Arbeitsbedingungen|Gesetzgebungsverfahren|Behinderter|Behinderter	Elektrizitätsindustrie|öffentliche Sicherheit|Völkerrecht|Land- und Forstwirtschaft, Fischerei	Preis|Verfassung|Öffentliche Finanzen und Haushaltspolitik|Luftverkehr|Verfassung|Arbeitsrecht|Öffentliche Finanzen und Haushaltspolitik|Europäische Union	Preis|Verfassung|Öffentliche Finanzen und Haushaltspolitik|Luftverkehr|Verfassung|Arbeitsrecht|Öffentliche Finanzen und Haushaltspolitik|Europäische Union
1999-03-25	Hochschulausbildung|Gesetzgebungsverfahren|Umwelt|Handel|Industrie|Unternehmen und Wettbewerb|Wasserbewirtschaftung|Gesundheit|Handel|Industrie|Unternehmen und Wettbewerb|Steuerwesen	Behinderter|Elektrizitäts- und Kernkraftindustrie|Elektrizitäts- und Kernkraftindustrie	Bürgerliches Recht|Umwelt|Elektrizitäts- und Kernkraftindustrie|Handel|Industrie|Unternehmen und Wettbewerb	Elektrizitäts- und Kernkraftindustrie	Elektrizitäts- und Kernkraftindustrie
1999-04-07				Forschung und geistiges Eigentum|Wissenschaften	Forschung und geistiges Eigentum|Wissenschaften
1999-04-21	Wohnungspolitik|Bürgerliches Recht|Europäische Union|Schienentransport|Behinderter|Straßenverkehr|Familienleistungsausgleich|Schienentransport|Flüchtling|Exekutive	Neutralität|Bürgerliches Recht|Flüchtling|Behinderter|Internationale Beziehungen|Forschung und geistiges Eigentum|Wissenschaften|Internationale Beziehungen	Bürgerliches Recht|Internationale Beziehungen|Forschung und geistiges Eigentum|Wissenschaften|Behinderter|Hochschulausbildung|Neutralität|Flüchtling|öffentliche Verwaltung|öffentlicher Dienst	soziale Sicherheit|öffentliche Verwaltung|öffentlicher Dienst|Verwaltungsreform|Personenstand|Bürgerliches Recht|Wahl|Bürgerliches Recht|Behinderter|Straßenverkehr|Internationale Beziehungen	soziale Sicherheit|öffentliche Verwaltung|öffentlicher Dienst|Verwaltungsreform|Personenstand|Bürgerliches Recht|Wahl|Bürgerliches Recht|Behinderter|Straßenverkehr|Internationale Beziehungen
1999-04-22	Verfassung|Steuerwesen|Verteidigung|Gesetzgebungsverfahren|soziale Sicherheit|Preis|soziale Sicherheit|Europäische Union|Land- und Forstwirtschaft, Fischerei|Land- und Forstwirtschaft, Fischerei|Land- und Forstwirtschaft, Fischerei|Land- und Forstwirtschaft, Fischerei|Arbeitslosenversicherung	Verkehr|Strafrecht|Wasserbewirtschaftung	Öffentliche Finanzen und Haushaltspolitik|Steuerwesen|Land- und Forstwirtschaft, Fischerei	Arbeitslosenversicherung	Arbeitslosenversicherung
1999-05-05				Forschung und geistiges Eigentum|Wissenschaften	Forschung und geistiges Eigentum|Wissenschaften
1999-05-10	ausländischer Staatsangehöriger|ausländischer Staatsangehöriger	Exekutive|Misstrauensantrag|öffentliche Sicherheit|öffentliche Sicherheit	ausländischer Staatsangehöriger|Exekutive|Misstrauensantrag|Flüchtling|öffentliche Sicherheit	ausländischer Staatsangehöriger	Finanzwesen|ausländischer Staatsangehöriger
1999-05-11	Völkerrecht	Völkerrecht|Völkerrecht	Völkerrecht|Völkerrecht	Völkerrecht|Völkerrecht	Völkerrecht|Völkerrecht
1999-05-19	Sekundarstufe|Forschung und geistiges Eigentum|Wissenschaften|Elektrizitäts- und Kernkraftindustrie|Vereinsleben|Versammlungsfreiheit|ethnische Gruppe|Internationale Beziehungen|Geschäftsordnung des Parlaments	Politik der Zusammenarbeit|Elektrizitäts- und Kernkraftindustrie|Zivildienst|Zivildienst|Internationale Beziehungen|Elektrizitäts- und Kernkraftindustrie|Neutralität|Internationale Beziehungen|Geschäftsordnung des Parlaments	öffentliche Verwaltung|öffentlicher Dienst|öffentliche Verwaltung|öffentlicher Dienst|Internationale Beziehungen|Geschäftsordnung des Parlaments	Apotheke|Verfassung|Wein|Weinbau|Gesundheit|Umwelt|Wahl|Tiermedizin|Tierschutz|Presse|Elektrizitäts- und Kernkraftindustrie|ethnische Gruppe|Internationale Beziehungen	Apotheke|Verfassung|Wein|Weinbau|Fernsehen|Hörfunk|Gesundheit|Umwelt|Beschäftigung und Arbeitsbedingungen|Wahl|Tiermedizin|Tierschutz|Presse|Elektrizitäts- und Kernkraftindustrie|ethnische Gruppe|Internationale Beziehungen
1999-05-20	Opferhilfe|Parlamentsdebatte|Wohnungspolitik|Hochschulausbildung|Wohnungspolitik|Steuerwesen|soziale Sicherheit|soziale Sicherheit|Steuerwesen	soziale Sicherheit|Straßenverkehr|Opferhilfe	Opferhilfe|Steuerwesen	Politik der Zusammenarbeit|soziale Sicherheit|Arbeitsrecht|Opferhilfe	Politik der Zusammenarbeit|soziale Sicherheit|Arbeitsrecht|Opferhilfe
1999-06-02	Parlamentsdebatte|Zivilschutz|Tourismus|Straßen- und Brückenbau|Elektrizitäts- und Kernkraftindustrie	Straßenverkehr|Straßenverkehr	Straßenverkehr|Straßenverkehr	Einkommen|Verwaltung und Entlohnung des Personals|Straßen- und Brückenbau	Einkommen|Verwaltung und Entlohnung des Personals|Straßen- und Brückenbau
1999-06-08				Verkehr	Verkehr
1999-06-09	öffentliche Verwaltung|öffentlicher Dienst	öffentliche Verwaltung|öffentlicher Dienst	öffentliche Verwaltung|öffentlicher Dienst|Verkehr	Straßenverkehr|junger Mensch|junger Mensch|namentliche Abstimmung|öffentliche Verwaltung|öffentlicher Dienst|Verkehr|junger Mensch	Straßenverkehr|junger Mensch|junger Mensch|namentliche Abstimmung|öffentliche Verwaltung|öffentlicher Dienst|Verkehr|junger Mensch
1999-06-10				Gesundheit	Gesundheit
1999-06-16	Gesundheit|Verteidigung|Handel|Industrie|Unternehmen und Wettbewerb|Gesundheit|Straßen- und Brückenbau|Tiermedizin|Tierschutz|Arbeitsrecht	partizipative Demokratie|Tiermedizin|Tierschutz|Tiermedizin|Tierschutz|Schienentransport	Verwaltungsrecht|Verwaltungsrecht|Bürgerliches Recht|Strafrecht|Bürgerliches Recht|Verwaltungsrecht|Fernsehen|Hörfunk|Arbeitsrecht|Verwaltungsrecht|Verwaltungsrecht|Schienentransport|Handel|Industrie|Unternehmen und Wettbewerb	Presse|Straßenverkehr|Verkehr|Steuerwesen|Land- und Forstwirtschaft, Fischerei|Verkehr	Straßenverkehr|Behinderter|soziale Sicherheit|Presse|Straßenverkehr|Sport|Preis|Steuerwesen|Forschung und geistiges Eigentum|Wissenschaften|Straßenverkehr|Verkehr|Arbeitslosenversicherung|Familienleistungsausgleich|Umwelt|Öffentliche Finanzen und Haushaltspolitik|Bildung|Organisation des Unterrichtswesens|Steuerwesen|Land- und Forstwirtschaft, Fischerei|Gesundheit|Gesundheit|Verkehr|Hochschulausbildung|ausländischer Staatsangehöriger|Bildung|Organisation des Unterrichtswesens|Arbeitsrecht
1999-06-17	soziale Sicherheit|soziale Sicherheit|Sport|Strafrecht|Familie|Straßen- und Brückenbau|Familie|Gerichtswesen|Finanzwesen|Verteidigung|Handel|Industrie|Unternehmen und Wettbewerb|Tourismus	soziale Sicherheit	soziale Sicherheit|soziale Sicherheit|Arbeitslosenversicherung|Verfassung|Verfassung|Behinderter|Handel|Industrie|Unternehmen und Wettbewerb|Forschung und geistiges Eigentum|Wissenschaften|Öffentliche Finanzen und Haushaltspolitik	Arbeitsrecht|Handel|Industrie|Unternehmen und Wettbewerb|Fernsehen|Hörfunk|direkt gewählte Kammer|Beschäftigung und Arbeitsbedingungen|Fernsehen|Hörfunk|Verfassung|Arbeitsrecht|Fernsehen|Hörfunk	Fernsehen|Hörfunk|direkt gewählte Kammer|Beschäftigung und Arbeitsbedingungen|Arbeitsrecht|Fernsehen|Hörfunk
1999-06-18	Bergbau|Verfassung|Steuerwesen|öffentliche Verwaltung|öffentlicher Dienst|Agrarerzeugnisse und Lebensmittel|Agrarerzeugnisse und Lebensmittel|namentliche Abstimmung|Wahl|Land- und Forstwirtschaft, Fischerei|Familienleistungsausgleich|Land- und Forstwirtschaft, Fischerei|Agrarerzeugnisse und Lebensmittel	Steuerwesen|Land- und Forstwirtschaft, Fischerei|Presse|Land- und Forstwirtschaft, Fischerei|Land- und Forstwirtschaft, Fischerei	öffentliche Verwaltung|öffentlicher Dienst|Agrarerzeugnisse und Lebensmittel|Land- und Forstwirtschaft, Fischerei	Bergbau|Verfassung|soziale Sicherheit|Behinderter	Handel|Industrie|Unternehmen und Wettbewerb|Verfassung|Umwelt|Abfall|Abfallwirtschaft|Bergbau|Verfassung|soziale Sicherheit|Behinderter
1999-07-01				direkt gewählte Kammer|Behinderter|Fernsehen|Hörfunk	direkt gewählte Kammer|Behinderter|Fernsehen|Hörfunk
1999-07-06				Verkehr|Straßenverkehr|Post- und Fernmeldewesen	Verkehr|Straßenverkehr|Post- und Fernmeldewesen
1999-07-08	Steuerwesen|Arbeitslosenversicherung|namentliche Abstimmung|Familie|namentliche Abstimmung	Gesundheit|Frau|Gleichbehandlung		Finanzausgleich	Finanzausgleich
1999-07-13	Elektrizitäts- und Kernkraftindustrie|Behinderter|Sport	Wohnungspolitik|Umwelt|Elektrizitäts- und Kernkraftindustrie|soziale Sicherheit|Elektrizitäts- und Kernkraftindustrie|Elektrizitäts- und Kernkraftindustrie|Behinderter	Elektrizitäts- und Kernkraftindustrie|Behinderter	Steuerwesen|Elektrizitäts- und Kernkraftindustrie|Behinderter	Handel|Industrie|Unternehmen und Wettbewerb|Steuerwesen|Elektrizitäts- und Kernkraftindustrie|Behinderter|Sport
1999-07-14	Verteidigung|Schienentransport|Post- und Fernmeldewesen|ausländischer Staatsangehöriger|Exekutive|Verteidigung|Tiermedizin|Tierschutz|Schienentransport|Völkerrecht	Verkehr|Verkehr|öffentliche Verwaltung|öffentlicher Dienst|Post- und Fernmeldewesen|Völkerrecht	öffentliche Verwaltung|öffentlicher Dienst|Hochschulausbildung|Völkerrecht	Verkehr|Völkerrecht	Verkehr|Völkerrecht
1999-07-15	Abfall|Abfallwirtschaft|Wasserbewirtschaftung|Wohnungspolitik|Bergbau|Bergbau|Wasser|Wasserbewirtschaftung	Abfall|Abfallwirtschaft|Land- und Forstwirtschaft, Fischerei|Straßenverkehr|Wasser|Wasserbewirtschaftung|Land- und Forstwirtschaft, Fischerei|Umwelt	Abfall|Abfallwirtschaft|Land- und Forstwirtschaft, Fischerei|Umwelt	Abfall|Abfallwirtschaft|Vereinfachung der Rechtsvorschriften|Wohnungspolitik	Abfall|Abfallwirtschaft|Vereinfachung der Rechtsvorschriften|Wohnungspolitik
1999-07-16	öffentliche Sicherheit|soziale Sicherheit|soziale Sicherheit|direkt gewählte Kammer|Familie	soziale Sicherheit		Zivilschutz	Steuerwesen|Zivilschutz
